dt,AverageTemperature,City,Country,Latitude,Longitude
1845-01-01,27.767,Parnaíba,Brazil,2.41S,40.98W
1845-02-01,26.268,Parnaíba,Brazil,2.41S,40.98W
1845-03-01,26.651,Parnaíba,Brazil,2.41S,40.98W
1845-04-01,26.622,Parnaíba,Brazil,2.41S,40.98W
1845-05-01,26.564,Parnaíba,Brazil,2.41S,40.98W
1845-06-01,26.415,Parnaíba,Brazil,2.41S,40.98W
1845-07-01,26.772,Parnaíba,Brazil,2.41S,40.98W
1845-08-01,26.642,Parnaíba,Brazil,2.41S,40.98W
1845-09-01,26.588,Parnaíba,Brazil,2.41S,40.98W
1845-10-01,,Parnaíba,Brazil,2.41S,40.98W
1845-11-01,,Parnaíba,Brazil,2.41S,40.98W
1845-12-01,,Parnaíba,Brazil,2.41S,40.98W
1846-01-01,28.703000000000003,Parnaíba,Brazil,2.41S,40.98W
1846-02-01,27.729,Parnaíba,Brazil,2.41S,40.98W
1846-03-01,28.224,Parnaíba,Brazil,2.41S,40.98W
1846-04-01,26.369,Parnaíba,Brazil,2.41S,40.98W
1846-05-01,26.946,Parnaíba,Brazil,2.41S,40.98W
1846-06-01,27.425,Parnaíba,Brazil,2.41S,40.98W
1846-07-01,27.324,Parnaíba,Brazil,2.41S,40.98W
1846-08-01,27.18,Parnaíba,Brazil,2.41S,40.98W
1846-09-01,26.75500000000001,Parnaíba,Brazil,2.41S,40.98W
1846-10-01,26.876,Parnaíba,Brazil,2.41S,40.98W
1846-11-01,27.651999999999997,Parnaíba,Brazil,2.41S,40.98W
1846-12-01,28.482000000000006,Parnaíba,Brazil,2.41S,40.98W
1847-01-01,27.835,Parnaíba,Brazil,2.41S,40.98W
1847-02-01,27.498,Parnaíba,Brazil,2.41S,40.98W
1847-03-01,25.816,Parnaíba,Brazil,2.41S,40.98W
1847-04-01,26.555,Parnaíba,Brazil,2.41S,40.98W
1847-05-01,26.328000000000003,Parnaíba,Brazil,2.41S,40.98W
1847-06-01,26.238000000000003,Parnaíba,Brazil,2.41S,40.98W
1847-07-01,26.71,Parnaíba,Brazil,2.41S,40.98W
1847-08-01,26.473000000000003,Parnaíba,Brazil,2.41S,40.98W
1847-09-01,26.753,Parnaíba,Brazil,2.41S,40.98W
1847-10-01,27.098000000000003,Parnaíba,Brazil,2.41S,40.98W
1847-11-01,28.122,Parnaíba,Brazil,2.41S,40.98W
1847-12-01,26.645,Parnaíba,Brazil,2.41S,40.98W
1848-01-01,26.05,Parnaíba,Brazil,2.41S,40.98W
1848-02-01,27.783,Parnaíba,Brazil,2.41S,40.98W
1848-03-01,26.572,Parnaíba,Brazil,2.41S,40.98W
1848-04-01,26.901,Parnaíba,Brazil,2.41S,40.98W
1848-05-01,26.359,Parnaíba,Brazil,2.41S,40.98W
1848-06-01,26.627,Parnaíba,Brazil,2.41S,40.98W
1848-07-01,26.929,Parnaíba,Brazil,2.41S,40.98W
1848-08-01,26.464,Parnaíba,Brazil,2.41S,40.98W
1848-09-01,26.303,Parnaíba,Brazil,2.41S,40.98W
1848-10-01,27.312,Parnaíba,Brazil,2.41S,40.98W
1848-11-01,27.647,Parnaíba,Brazil,2.41S,40.98W
1848-12-01,27.37,Parnaíba,Brazil,2.41S,40.98W
1849-01-01,27.519,Parnaíba,Brazil,2.41S,40.98W
1849-02-01,27.05,Parnaíba,Brazil,2.41S,40.98W
1849-03-01,27.304,Parnaíba,Brazil,2.41S,40.98W
1849-04-01,25.982,Parnaíba,Brazil,2.41S,40.98W
1849-05-01,26.019,Parnaíba,Brazil,2.41S,40.98W
1849-06-01,26.784,Parnaíba,Brazil,2.41S,40.98W
1849-07-01,27.026999999999997,Parnaíba,Brazil,2.41S,40.98W
1849-08-01,26.726,Parnaíba,Brazil,2.41S,40.98W
1849-09-01,26.482,Parnaíba,Brazil,2.41S,40.98W
1849-10-01,27.372,Parnaíba,Brazil,2.41S,40.98W
1849-11-01,27.991999999999997,Parnaíba,Brazil,2.41S,40.98W
1849-12-01,26.595,Parnaíba,Brazil,2.41S,40.98W
1850-01-01,26.379,Parnaíba,Brazil,2.41S,40.98W
1850-02-01,27.425,Parnaíba,Brazil,2.41S,40.98W
1850-03-01,26.726,Parnaíba,Brazil,2.41S,40.98W
1850-04-01,26.208,Parnaíba,Brazil,2.41S,40.98W
1850-05-01,26.121,Parnaíba,Brazil,2.41S,40.98W
1850-06-01,26.886999999999997,Parnaíba,Brazil,2.41S,40.98W
1850-07-01,,Parnaíba,Brazil,2.41S,40.98W
1850-08-01,26.956,Parnaíba,Brazil,2.41S,40.98W
1850-09-01,26.661,Parnaíba,Brazil,2.41S,40.98W
1850-10-01,26.719,Parnaíba,Brazil,2.41S,40.98W
1850-11-01,27.316,Parnaíba,Brazil,2.41S,40.98W
1850-12-01,27.25500000000001,Parnaíba,Brazil,2.41S,40.98W
1851-01-01,27.616999999999997,Parnaíba,Brazil,2.41S,40.98W
1851-02-01,26.827,Parnaíba,Brazil,2.41S,40.98W
1851-03-01,26.074,Parnaíba,Brazil,2.41S,40.98W
1851-04-01,26.208,Parnaíba,Brazil,2.41S,40.98W
1851-05-01,26.768,Parnaíba,Brazil,2.41S,40.98W
1851-06-01,27.023000000000003,Parnaíba,Brazil,2.41S,40.98W
1851-07-01,27.058000000000003,Parnaíba,Brazil,2.41S,40.98W
1851-08-01,26.905,Parnaíba,Brazil,2.41S,40.98W
1851-09-01,26.744,Parnaíba,Brazil,2.41S,40.98W
1851-10-01,27.303,Parnaíba,Brazil,2.41S,40.98W
1851-11-01,27.314,Parnaíba,Brazil,2.41S,40.98W
1851-12-01,27.603,Parnaíba,Brazil,2.41S,40.98W
1852-01-01,27.483,Parnaíba,Brazil,2.41S,40.98W
1852-02-01,26.522,Parnaíba,Brazil,2.41S,40.98W
1852-03-01,26.046999999999997,Parnaíba,Brazil,2.41S,40.98W
1852-04-01,26.613000000000003,Parnaíba,Brazil,2.41S,40.98W
1852-05-01,27.299,Parnaíba,Brazil,2.41S,40.98W
1852-06-01,26.723000000000003,Parnaíba,Brazil,2.41S,40.98W
1852-07-01,26.948,Parnaíba,Brazil,2.41S,40.98W
1852-08-01,26.381,Parnaíba,Brazil,2.41S,40.98W
1852-09-01,26.642,Parnaíba,Brazil,2.41S,40.98W
1852-10-01,27.118,Parnaíba,Brazil,2.41S,40.98W
1852-11-01,27.091,Parnaíba,Brazil,2.41S,40.98W
1852-12-01,28.104000000000006,Parnaíba,Brazil,2.41S,40.98W
1853-01-01,27.05,Parnaíba,Brazil,2.41S,40.98W
1853-02-01,26.052,Parnaíba,Brazil,2.41S,40.98W
1853-03-01,26.206,Parnaíba,Brazil,2.41S,40.98W
1853-04-01,26.536,Parnaíba,Brazil,2.41S,40.98W
1853-05-01,26.908,Parnaíba,Brazil,2.41S,40.98W
1853-06-01,26.883000000000003,Parnaíba,Brazil,2.41S,40.98W
1853-07-01,27.164,Parnaíba,Brazil,2.41S,40.98W
1853-08-01,27.122,Parnaíba,Brazil,2.41S,40.98W
1853-09-01,27.00500000000001,Parnaíba,Brazil,2.41S,40.98W
1853-10-01,27.181,Parnaíba,Brazil,2.41S,40.98W
1853-11-01,27.415,Parnaíba,Brazil,2.41S,40.98W
1853-12-01,27.712,Parnaíba,Brazil,2.41S,40.98W
1854-01-01,26.517,Parnaíba,Brazil,2.41S,40.98W
1854-02-01,26.176,Parnaíba,Brazil,2.41S,40.98W
1854-03-01,26.697,Parnaíba,Brazil,2.41S,40.98W
1854-04-01,26.77,Parnaíba,Brazil,2.41S,40.98W
1854-05-01,27.076,Parnaíba,Brazil,2.41S,40.98W
1854-06-01,26.607,Parnaíba,Brazil,2.41S,40.98W
1854-07-01,27.168000000000003,Parnaíba,Brazil,2.41S,40.98W
1854-08-01,26.981,Parnaíba,Brazil,2.41S,40.98W
1854-09-01,26.835,Parnaíba,Brazil,2.41S,40.98W
1854-10-01,28.194000000000003,Parnaíba,Brazil,2.41S,40.98W
1854-11-01,27.98,Parnaíba,Brazil,2.41S,40.98W
1854-12-01,27.926,Parnaíba,Brazil,2.41S,40.98W
1855-01-01,28.078000000000003,Parnaíba,Brazil,2.41S,40.98W
1855-02-01,27.333,Parnaíba,Brazil,2.41S,40.98W
1855-03-01,26.814,Parnaíba,Brazil,2.41S,40.98W
1855-04-01,27.668000000000003,Parnaíba,Brazil,2.41S,40.98W
1855-05-01,27.458,Parnaíba,Brazil,2.41S,40.98W
1855-06-01,26.974,Parnaíba,Brazil,2.41S,40.98W
1855-07-01,26.675,Parnaíba,Brazil,2.41S,40.98W
1855-08-01,26.816,Parnaíba,Brazil,2.41S,40.98W
1855-09-01,26.606,Parnaíba,Brazil,2.41S,40.98W
1855-10-01,27.072,Parnaíba,Brazil,2.41S,40.98W
1855-11-01,27.508000000000003,Parnaíba,Brazil,2.41S,40.98W
1855-12-01,26.586,Parnaíba,Brazil,2.41S,40.98W
1856-01-01,27.406,Parnaíba,Brazil,2.41S,40.98W
1856-02-01,26.121,Parnaíba,Brazil,2.41S,40.98W
1856-03-01,26.253,Parnaíba,Brazil,2.41S,40.98W
1856-04-01,26.802,Parnaíba,Brazil,2.41S,40.98W
1856-05-01,26.67,Parnaíba,Brazil,2.41S,40.98W
1856-06-01,27.108,Parnaíba,Brazil,2.41S,40.98W
1856-07-01,,Parnaíba,Brazil,2.41S,40.98W
1856-08-01,26.26,Parnaíba,Brazil,2.41S,40.98W
1856-09-01,26.200000000000006,Parnaíba,Brazil,2.41S,40.98W
1856-10-01,26.531999999999996,Parnaíba,Brazil,2.41S,40.98W
1856-11-01,27.327,Parnaíba,Brazil,2.41S,40.98W
1856-12-01,27.47300000000001,Parnaíba,Brazil,2.41S,40.98W
1857-01-01,,Parnaíba,Brazil,2.41S,40.98W
1857-02-01,,Parnaíba,Brazil,2.41S,40.98W
1857-03-01,,Parnaíba,Brazil,2.41S,40.98W
1857-04-01,,Parnaíba,Brazil,2.41S,40.98W
1857-05-01,,Parnaíba,Brazil,2.41S,40.98W
1857-06-01,,Parnaíba,Brazil,2.41S,40.98W
1857-07-01,,Parnaíba,Brazil,2.41S,40.98W
1857-08-01,,Parnaíba,Brazil,2.41S,40.98W
1857-09-01,,Parnaíba,Brazil,2.41S,40.98W
1857-10-01,,Parnaíba,Brazil,2.41S,40.98W
1857-11-01,,Parnaíba,Brazil,2.41S,40.98W
1857-12-01,,Parnaíba,Brazil,2.41S,40.98W
1858-01-01,,Parnaíba,Brazil,2.41S,40.98W
1858-02-01,,Parnaíba,Brazil,2.41S,40.98W
1858-03-01,,Parnaíba,Brazil,2.41S,40.98W
1858-04-01,,Parnaíba,Brazil,2.41S,40.98W
1858-05-01,,Parnaíba,Brazil,2.41S,40.98W
1858-06-01,,Parnaíba,Brazil,2.41S,40.98W
1858-07-01,,Parnaíba,Brazil,2.41S,40.98W
1858-08-01,,Parnaíba,Brazil,2.41S,40.98W
1858-09-01,,Parnaíba,Brazil,2.41S,40.98W
1858-10-01,,Parnaíba,Brazil,2.41S,40.98W
1858-11-01,,Parnaíba,Brazil,2.41S,40.98W
1858-12-01,,Parnaíba,Brazil,2.41S,40.98W
1859-01-01,,Parnaíba,Brazil,2.41S,40.98W
1859-02-01,,Parnaíba,Brazil,2.41S,40.98W
1859-03-01,,Parnaíba,Brazil,2.41S,40.98W
1859-04-01,,Parnaíba,Brazil,2.41S,40.98W
1859-05-01,,Parnaíba,Brazil,2.41S,40.98W
1859-06-01,,Parnaíba,Brazil,2.41S,40.98W
1859-07-01,,Parnaíba,Brazil,2.41S,40.98W
1859-08-01,,Parnaíba,Brazil,2.41S,40.98W
1859-09-01,,Parnaíba,Brazil,2.41S,40.98W
1859-10-01,,Parnaíba,Brazil,2.41S,40.98W
1859-11-01,,Parnaíba,Brazil,2.41S,40.98W
1859-12-01,,Parnaíba,Brazil,2.41S,40.98W
1860-01-01,,Parnaíba,Brazil,2.41S,40.98W
1860-02-01,,Parnaíba,Brazil,2.41S,40.98W
1860-03-01,,Parnaíba,Brazil,2.41S,40.98W
1860-04-01,,Parnaíba,Brazil,2.41S,40.98W
1860-05-01,,Parnaíba,Brazil,2.41S,40.98W
1860-06-01,,Parnaíba,Brazil,2.41S,40.98W
1860-07-01,,Parnaíba,Brazil,2.41S,40.98W
1860-08-01,,Parnaíba,Brazil,2.41S,40.98W
1860-09-01,,Parnaíba,Brazil,2.41S,40.98W
1860-10-01,,Parnaíba,Brazil,2.41S,40.98W
1860-11-01,,Parnaíba,Brazil,2.41S,40.98W
1860-12-01,,Parnaíba,Brazil,2.41S,40.98W
1861-01-01,,Parnaíba,Brazil,2.41S,40.98W
1861-02-01,,Parnaíba,Brazil,2.41S,40.98W
1861-03-01,,Parnaíba,Brazil,2.41S,40.98W
1861-04-01,,Parnaíba,Brazil,2.41S,40.98W
1861-05-01,,Parnaíba,Brazil,2.41S,40.98W
1861-06-01,,Parnaíba,Brazil,2.41S,40.98W
1861-07-01,,Parnaíba,Brazil,2.41S,40.98W
1861-08-01,,Parnaíba,Brazil,2.41S,40.98W
1861-09-01,,Parnaíba,Brazil,2.41S,40.98W
1861-10-01,,Parnaíba,Brazil,2.41S,40.98W
1861-11-01,,Parnaíba,Brazil,2.41S,40.98W
1861-12-01,,Parnaíba,Brazil,2.41S,40.98W
1862-01-01,,Parnaíba,Brazil,2.41S,40.98W
1862-02-01,,Parnaíba,Brazil,2.41S,40.98W
1862-03-01,,Parnaíba,Brazil,2.41S,40.98W
1862-04-01,,Parnaíba,Brazil,2.41S,40.98W
1862-05-01,,Parnaíba,Brazil,2.41S,40.98W
1862-06-01,,Parnaíba,Brazil,2.41S,40.98W
1862-07-01,,Parnaíba,Brazil,2.41S,40.98W
1862-08-01,,Parnaíba,Brazil,2.41S,40.98W
1862-09-01,,Parnaíba,Brazil,2.41S,40.98W
1862-10-01,,Parnaíba,Brazil,2.41S,40.98W
1862-11-01,,Parnaíba,Brazil,2.41S,40.98W
1862-12-01,,Parnaíba,Brazil,2.41S,40.98W
1863-01-01,,Parnaíba,Brazil,2.41S,40.98W
1863-02-01,,Parnaíba,Brazil,2.41S,40.98W
1863-03-01,,Parnaíba,Brazil,2.41S,40.98W
1863-04-01,,Parnaíba,Brazil,2.41S,40.98W
1863-05-01,,Parnaíba,Brazil,2.41S,40.98W
1863-06-01,,Parnaíba,Brazil,2.41S,40.98W
1863-07-01,,Parnaíba,Brazil,2.41S,40.98W
1863-08-01,,Parnaíba,Brazil,2.41S,40.98W
1863-09-01,,Parnaíba,Brazil,2.41S,40.98W
1863-10-01,,Parnaíba,Brazil,2.41S,40.98W
1863-11-01,,Parnaíba,Brazil,2.41S,40.98W
1863-12-01,,Parnaíba,Brazil,2.41S,40.98W
1864-01-01,,Parnaíba,Brazil,2.41S,40.98W
1864-02-01,,Parnaíba,Brazil,2.41S,40.98W
1864-03-01,,Parnaíba,Brazil,2.41S,40.98W
1864-04-01,,Parnaíba,Brazil,2.41S,40.98W
1864-05-01,,Parnaíba,Brazil,2.41S,40.98W
1864-06-01,,Parnaíba,Brazil,2.41S,40.98W
1864-07-01,,Parnaíba,Brazil,2.41S,40.98W
1864-08-01,,Parnaíba,Brazil,2.41S,40.98W
1864-09-01,,Parnaíba,Brazil,2.41S,40.98W
1864-10-01,,Parnaíba,Brazil,2.41S,40.98W
1864-11-01,,Parnaíba,Brazil,2.41S,40.98W
1864-12-01,,Parnaíba,Brazil,2.41S,40.98W
1865-01-01,,Parnaíba,Brazil,2.41S,40.98W
1865-02-01,,Parnaíba,Brazil,2.41S,40.98W
1865-03-01,,Parnaíba,Brazil,2.41S,40.98W
1865-04-01,,Parnaíba,Brazil,2.41S,40.98W
1865-05-01,,Parnaíba,Brazil,2.41S,40.98W
1865-06-01,,Parnaíba,Brazil,2.41S,40.98W
1865-07-01,,Parnaíba,Brazil,2.41S,40.98W
1865-08-01,,Parnaíba,Brazil,2.41S,40.98W
1865-09-01,,Parnaíba,Brazil,2.41S,40.98W
1865-10-01,,Parnaíba,Brazil,2.41S,40.98W
1865-11-01,,Parnaíba,Brazil,2.41S,40.98W
1865-12-01,,Parnaíba,Brazil,2.41S,40.98W
1866-01-01,,Parnaíba,Brazil,2.41S,40.98W
1866-02-01,,Parnaíba,Brazil,2.41S,40.98W
1866-03-01,,Parnaíba,Brazil,2.41S,40.98W
1866-04-01,,Parnaíba,Brazil,2.41S,40.98W
1866-05-01,,Parnaíba,Brazil,2.41S,40.98W
1866-06-01,,Parnaíba,Brazil,2.41S,40.98W
1866-07-01,,Parnaíba,Brazil,2.41S,40.98W
1866-08-01,,Parnaíba,Brazil,2.41S,40.98W
1866-09-01,,Parnaíba,Brazil,2.41S,40.98W
1866-10-01,,Parnaíba,Brazil,2.41S,40.98W
1866-11-01,,Parnaíba,Brazil,2.41S,40.98W
1866-12-01,,Parnaíba,Brazil,2.41S,40.98W
1867-01-01,,Parnaíba,Brazil,2.41S,40.98W
1867-02-01,,Parnaíba,Brazil,2.41S,40.98W
1867-03-01,,Parnaíba,Brazil,2.41S,40.98W
1867-04-01,,Parnaíba,Brazil,2.41S,40.98W
1867-05-01,,Parnaíba,Brazil,2.41S,40.98W
1867-06-01,,Parnaíba,Brazil,2.41S,40.98W
1867-07-01,,Parnaíba,Brazil,2.41S,40.98W
1867-08-01,,Parnaíba,Brazil,2.41S,40.98W
1867-09-01,,Parnaíba,Brazil,2.41S,40.98W
1867-10-01,,Parnaíba,Brazil,2.41S,40.98W
1867-11-01,,Parnaíba,Brazil,2.41S,40.98W
1867-12-01,,Parnaíba,Brazil,2.41S,40.98W
1868-01-01,,Parnaíba,Brazil,2.41S,40.98W
1868-02-01,,Parnaíba,Brazil,2.41S,40.98W
1868-03-01,,Parnaíba,Brazil,2.41S,40.98W
1868-04-01,,Parnaíba,Brazil,2.41S,40.98W
1868-05-01,,Parnaíba,Brazil,2.41S,40.98W
1868-06-01,,Parnaíba,Brazil,2.41S,40.98W
1868-07-01,,Parnaíba,Brazil,2.41S,40.98W
1868-08-01,,Parnaíba,Brazil,2.41S,40.98W
1868-09-01,,Parnaíba,Brazil,2.41S,40.98W
1868-10-01,,Parnaíba,Brazil,2.41S,40.98W
1868-11-01,,Parnaíba,Brazil,2.41S,40.98W
1868-12-01,,Parnaíba,Brazil,2.41S,40.98W
1869-01-01,,Parnaíba,Brazil,2.41S,40.98W
1869-02-01,,Parnaíba,Brazil,2.41S,40.98W
1869-03-01,,Parnaíba,Brazil,2.41S,40.98W
1869-04-01,,Parnaíba,Brazil,2.41S,40.98W
1869-05-01,,Parnaíba,Brazil,2.41S,40.98W
1869-06-01,,Parnaíba,Brazil,2.41S,40.98W
1869-07-01,,Parnaíba,Brazil,2.41S,40.98W
1869-08-01,,Parnaíba,Brazil,2.41S,40.98W
1869-09-01,,Parnaíba,Brazil,2.41S,40.98W
1869-10-01,,Parnaíba,Brazil,2.41S,40.98W
1869-11-01,,Parnaíba,Brazil,2.41S,40.98W
1869-12-01,,Parnaíba,Brazil,2.41S,40.98W
1870-01-01,,Parnaíba,Brazil,2.41S,40.98W
1870-02-01,,Parnaíba,Brazil,2.41S,40.98W
1870-03-01,,Parnaíba,Brazil,2.41S,40.98W
1870-04-01,,Parnaíba,Brazil,2.41S,40.98W
1870-05-01,,Parnaíba,Brazil,2.41S,40.98W
1870-06-01,,Parnaíba,Brazil,2.41S,40.98W
1870-07-01,,Parnaíba,Brazil,2.41S,40.98W
1870-08-01,,Parnaíba,Brazil,2.41S,40.98W
1870-09-01,,Parnaíba,Brazil,2.41S,40.98W
1870-10-01,,Parnaíba,Brazil,2.41S,40.98W
1870-11-01,,Parnaíba,Brazil,2.41S,40.98W
1870-12-01,,Parnaíba,Brazil,2.41S,40.98W
1871-01-01,,Parnaíba,Brazil,2.41S,40.98W
1871-02-01,,Parnaíba,Brazil,2.41S,40.98W
1871-03-01,,Parnaíba,Brazil,2.41S,40.98W
1871-04-01,,Parnaíba,Brazil,2.41S,40.98W
1871-05-01,,Parnaíba,Brazil,2.41S,40.98W
1871-06-01,,Parnaíba,Brazil,2.41S,40.98W
1871-07-01,,Parnaíba,Brazil,2.41S,40.98W
1871-08-01,,Parnaíba,Brazil,2.41S,40.98W
1871-09-01,,Parnaíba,Brazil,2.41S,40.98W
1871-10-01,,Parnaíba,Brazil,2.41S,40.98W
1871-11-01,,Parnaíba,Brazil,2.41S,40.98W
1871-12-01,,Parnaíba,Brazil,2.41S,40.98W
1872-01-01,,Parnaíba,Brazil,2.41S,40.98W
1872-02-01,,Parnaíba,Brazil,2.41S,40.98W
1872-03-01,,Parnaíba,Brazil,2.41S,40.98W
1872-04-01,,Parnaíba,Brazil,2.41S,40.98W
1872-05-01,,Parnaíba,Brazil,2.41S,40.98W
1872-06-01,,Parnaíba,Brazil,2.41S,40.98W
1872-07-01,,Parnaíba,Brazil,2.41S,40.98W
1872-08-01,,Parnaíba,Brazil,2.41S,40.98W
1872-09-01,,Parnaíba,Brazil,2.41S,40.98W
1872-10-01,,Parnaíba,Brazil,2.41S,40.98W
1872-11-01,,Parnaíba,Brazil,2.41S,40.98W
1872-12-01,,Parnaíba,Brazil,2.41S,40.98W
1873-01-01,,Parnaíba,Brazil,2.41S,40.98W
1873-02-01,,Parnaíba,Brazil,2.41S,40.98W
1873-03-01,,Parnaíba,Brazil,2.41S,40.98W
1873-04-01,,Parnaíba,Brazil,2.41S,40.98W
1873-05-01,,Parnaíba,Brazil,2.41S,40.98W
1873-06-01,,Parnaíba,Brazil,2.41S,40.98W
1873-07-01,,Parnaíba,Brazil,2.41S,40.98W
1873-08-01,,Parnaíba,Brazil,2.41S,40.98W
1873-09-01,,Parnaíba,Brazil,2.41S,40.98W
1873-10-01,,Parnaíba,Brazil,2.41S,40.98W
1873-11-01,,Parnaíba,Brazil,2.41S,40.98W
1873-12-01,,Parnaíba,Brazil,2.41S,40.98W
1874-01-01,,Parnaíba,Brazil,2.41S,40.98W
1874-02-01,,Parnaíba,Brazil,2.41S,40.98W
1874-03-01,,Parnaíba,Brazil,2.41S,40.98W
1874-04-01,,Parnaíba,Brazil,2.41S,40.98W
1874-05-01,,Parnaíba,Brazil,2.41S,40.98W
1874-06-01,,Parnaíba,Brazil,2.41S,40.98W
1874-07-01,,Parnaíba,Brazil,2.41S,40.98W
1874-08-01,,Parnaíba,Brazil,2.41S,40.98W
1874-09-01,,Parnaíba,Brazil,2.41S,40.98W
1874-10-01,,Parnaíba,Brazil,2.41S,40.98W
1874-11-01,,Parnaíba,Brazil,2.41S,40.98W
1874-12-01,,Parnaíba,Brazil,2.41S,40.98W
1875-01-01,,Parnaíba,Brazil,2.41S,40.98W
1875-02-01,,Parnaíba,Brazil,2.41S,40.98W
1875-03-01,,Parnaíba,Brazil,2.41S,40.98W
1875-04-01,,Parnaíba,Brazil,2.41S,40.98W
1875-05-01,,Parnaíba,Brazil,2.41S,40.98W
1875-06-01,,Parnaíba,Brazil,2.41S,40.98W
1875-07-01,,Parnaíba,Brazil,2.41S,40.98W
1875-08-01,,Parnaíba,Brazil,2.41S,40.98W
1875-09-01,,Parnaíba,Brazil,2.41S,40.98W
1875-10-01,,Parnaíba,Brazil,2.41S,40.98W
1875-11-01,,Parnaíba,Brazil,2.41S,40.98W
1875-12-01,,Parnaíba,Brazil,2.41S,40.98W
1876-01-01,,Parnaíba,Brazil,2.41S,40.98W
1876-02-01,,Parnaíba,Brazil,2.41S,40.98W
1876-03-01,,Parnaíba,Brazil,2.41S,40.98W
1876-04-01,,Parnaíba,Brazil,2.41S,40.98W
1876-05-01,,Parnaíba,Brazil,2.41S,40.98W
1876-06-01,,Parnaíba,Brazil,2.41S,40.98W
1876-07-01,,Parnaíba,Brazil,2.41S,40.98W
1876-08-01,,Parnaíba,Brazil,2.41S,40.98W
1876-09-01,,Parnaíba,Brazil,2.41S,40.98W
1876-10-01,,Parnaíba,Brazil,2.41S,40.98W
1876-11-01,,Parnaíba,Brazil,2.41S,40.98W
1876-12-01,,Parnaíba,Brazil,2.41S,40.98W
1877-01-01,,Parnaíba,Brazil,2.41S,40.98W
1877-02-01,,Parnaíba,Brazil,2.41S,40.98W
1877-03-01,,Parnaíba,Brazil,2.41S,40.98W
1877-04-01,,Parnaíba,Brazil,2.41S,40.98W
1877-05-01,,Parnaíba,Brazil,2.41S,40.98W
1877-06-01,,Parnaíba,Brazil,2.41S,40.98W
1877-07-01,,Parnaíba,Brazil,2.41S,40.98W
1877-08-01,,Parnaíba,Brazil,2.41S,40.98W
1877-09-01,,Parnaíba,Brazil,2.41S,40.98W
1877-10-01,,Parnaíba,Brazil,2.41S,40.98W
1877-11-01,,Parnaíba,Brazil,2.41S,40.98W
1877-12-01,,Parnaíba,Brazil,2.41S,40.98W
1878-01-01,,Parnaíba,Brazil,2.41S,40.98W
1878-02-01,,Parnaíba,Brazil,2.41S,40.98W
1878-03-01,,Parnaíba,Brazil,2.41S,40.98W
1878-04-01,,Parnaíba,Brazil,2.41S,40.98W
1878-05-01,,Parnaíba,Brazil,2.41S,40.98W
1878-06-01,,Parnaíba,Brazil,2.41S,40.98W
1878-07-01,,Parnaíba,Brazil,2.41S,40.98W
1878-08-01,,Parnaíba,Brazil,2.41S,40.98W
1878-09-01,,Parnaíba,Brazil,2.41S,40.98W
1878-10-01,,Parnaíba,Brazil,2.41S,40.98W
1878-11-01,,Parnaíba,Brazil,2.41S,40.98W
1878-12-01,,Parnaíba,Brazil,2.41S,40.98W
1879-01-01,,Parnaíba,Brazil,2.41S,40.98W
1879-02-01,,Parnaíba,Brazil,2.41S,40.98W
1879-03-01,,Parnaíba,Brazil,2.41S,40.98W
1879-04-01,,Parnaíba,Brazil,2.41S,40.98W
1879-05-01,,Parnaíba,Brazil,2.41S,40.98W
1879-06-01,,Parnaíba,Brazil,2.41S,40.98W
1879-07-01,,Parnaíba,Brazil,2.41S,40.98W
1879-08-01,,Parnaíba,Brazil,2.41S,40.98W
1879-09-01,,Parnaíba,Brazil,2.41S,40.98W
1879-10-01,,Parnaíba,Brazil,2.41S,40.98W
1879-11-01,,Parnaíba,Brazil,2.41S,40.98W
1879-12-01,,Parnaíba,Brazil,2.41S,40.98W
1880-01-01,,Parnaíba,Brazil,2.41S,40.98W
1880-02-01,,Parnaíba,Brazil,2.41S,40.98W
1880-03-01,,Parnaíba,Brazil,2.41S,40.98W
1880-04-01,,Parnaíba,Brazil,2.41S,40.98W
1880-05-01,,Parnaíba,Brazil,2.41S,40.98W
1880-06-01,,Parnaíba,Brazil,2.41S,40.98W
1880-07-01,,Parnaíba,Brazil,2.41S,40.98W
1880-08-01,,Parnaíba,Brazil,2.41S,40.98W
1880-09-01,,Parnaíba,Brazil,2.41S,40.98W
1880-10-01,,Parnaíba,Brazil,2.41S,40.98W
1880-11-01,,Parnaíba,Brazil,2.41S,40.98W
1880-12-01,,Parnaíba,Brazil,2.41S,40.98W
1881-01-01,,Parnaíba,Brazil,2.41S,40.98W
1881-02-01,,Parnaíba,Brazil,2.41S,40.98W
1881-03-01,,Parnaíba,Brazil,2.41S,40.98W
1881-04-01,,Parnaíba,Brazil,2.41S,40.98W
1881-05-01,,Parnaíba,Brazil,2.41S,40.98W
1881-06-01,,Parnaíba,Brazil,2.41S,40.98W
1881-07-01,,Parnaíba,Brazil,2.41S,40.98W
1881-08-01,,Parnaíba,Brazil,2.41S,40.98W
1881-09-01,,Parnaíba,Brazil,2.41S,40.98W
1881-10-01,,Parnaíba,Brazil,2.41S,40.98W
1881-11-01,,Parnaíba,Brazil,2.41S,40.98W
1881-12-01,,Parnaíba,Brazil,2.41S,40.98W
1882-01-01,,Parnaíba,Brazil,2.41S,40.98W
1882-02-01,,Parnaíba,Brazil,2.41S,40.98W
1882-03-01,,Parnaíba,Brazil,2.41S,40.98W
1882-04-01,,Parnaíba,Brazil,2.41S,40.98W
1882-05-01,,Parnaíba,Brazil,2.41S,40.98W
1882-06-01,,Parnaíba,Brazil,2.41S,40.98W
1882-07-01,,Parnaíba,Brazil,2.41S,40.98W
1882-08-01,,Parnaíba,Brazil,2.41S,40.98W
1882-09-01,,Parnaíba,Brazil,2.41S,40.98W
1882-10-01,,Parnaíba,Brazil,2.41S,40.98W
1882-11-01,,Parnaíba,Brazil,2.41S,40.98W
1882-12-01,,Parnaíba,Brazil,2.41S,40.98W
1883-01-01,,Parnaíba,Brazil,2.41S,40.98W
1883-02-01,,Parnaíba,Brazil,2.41S,40.98W
1883-03-01,,Parnaíba,Brazil,2.41S,40.98W
1883-04-01,,Parnaíba,Brazil,2.41S,40.98W
1883-05-01,,Parnaíba,Brazil,2.41S,40.98W
1883-06-01,,Parnaíba,Brazil,2.41S,40.98W
1883-07-01,,Parnaíba,Brazil,2.41S,40.98W
1883-08-01,,Parnaíba,Brazil,2.41S,40.98W
1883-09-01,,Parnaíba,Brazil,2.41S,40.98W
1883-10-01,,Parnaíba,Brazil,2.41S,40.98W
1883-11-01,,Parnaíba,Brazil,2.41S,40.98W
1883-12-01,,Parnaíba,Brazil,2.41S,40.98W
1884-01-01,,Parnaíba,Brazil,2.41S,40.98W
1884-02-01,,Parnaíba,Brazil,2.41S,40.98W
1884-03-01,,Parnaíba,Brazil,2.41S,40.98W
1884-04-01,,Parnaíba,Brazil,2.41S,40.98W
1884-05-01,,Parnaíba,Brazil,2.41S,40.98W
1884-06-01,,Parnaíba,Brazil,2.41S,40.98W
1884-07-01,,Parnaíba,Brazil,2.41S,40.98W
1884-08-01,,Parnaíba,Brazil,2.41S,40.98W
1884-09-01,,Parnaíba,Brazil,2.41S,40.98W
1884-10-01,,Parnaíba,Brazil,2.41S,40.98W
1884-11-01,,Parnaíba,Brazil,2.41S,40.98W
1884-12-01,,Parnaíba,Brazil,2.41S,40.98W
1885-01-01,,Parnaíba,Brazil,2.41S,40.98W
1885-02-01,,Parnaíba,Brazil,2.41S,40.98W
1885-03-01,,Parnaíba,Brazil,2.41S,40.98W
1885-04-01,,Parnaíba,Brazil,2.41S,40.98W
1885-05-01,,Parnaíba,Brazil,2.41S,40.98W
1885-06-01,,Parnaíba,Brazil,2.41S,40.98W
1885-07-01,,Parnaíba,Brazil,2.41S,40.98W
1885-08-01,,Parnaíba,Brazil,2.41S,40.98W
1885-09-01,,Parnaíba,Brazil,2.41S,40.98W
1885-10-01,,Parnaíba,Brazil,2.41S,40.98W
1885-11-01,,Parnaíba,Brazil,2.41S,40.98W
1885-12-01,,Parnaíba,Brazil,2.41S,40.98W
1886-01-01,,Parnaíba,Brazil,2.41S,40.98W
1886-02-01,,Parnaíba,Brazil,2.41S,40.98W
1886-03-01,,Parnaíba,Brazil,2.41S,40.98W
1886-04-01,,Parnaíba,Brazil,2.41S,40.98W
1886-05-01,,Parnaíba,Brazil,2.41S,40.98W
1886-06-01,,Parnaíba,Brazil,2.41S,40.98W
1886-07-01,,Parnaíba,Brazil,2.41S,40.98W
1886-08-01,,Parnaíba,Brazil,2.41S,40.98W
1886-09-01,,Parnaíba,Brazil,2.41S,40.98W
1886-10-01,,Parnaíba,Brazil,2.41S,40.98W
1886-11-01,,Parnaíba,Brazil,2.41S,40.98W
1886-12-01,,Parnaíba,Brazil,2.41S,40.98W
1887-01-01,26.016,Parnaíba,Brazil,2.41S,40.98W
1887-02-01,26.163,Parnaíba,Brazil,2.41S,40.98W
1887-03-01,26.333,Parnaíba,Brazil,2.41S,40.98W
1887-04-01,26.702,Parnaíba,Brazil,2.41S,40.98W
1887-05-01,26.969,Parnaíba,Brazil,2.41S,40.98W
1887-06-01,26.587,Parnaíba,Brazil,2.41S,40.98W
1887-07-01,26.591,Parnaíba,Brazil,2.41S,40.98W
1887-08-01,26.419,Parnaíba,Brazil,2.41S,40.98W
1887-09-01,27.074,Parnaíba,Brazil,2.41S,40.98W
1887-10-01,27.383000000000003,Parnaíba,Brazil,2.41S,40.98W
1887-11-01,27.648000000000003,Parnaíba,Brazil,2.41S,40.98W
1887-12-01,27.561,Parnaíba,Brazil,2.41S,40.98W
1888-01-01,26.778,Parnaíba,Brazil,2.41S,40.98W
1888-02-01,26.182,Parnaíba,Brazil,2.41S,40.98W
1888-03-01,26.329,Parnaíba,Brazil,2.41S,40.98W
1888-04-01,26.644,Parnaíba,Brazil,2.41S,40.98W
1888-05-01,26.747,Parnaíba,Brazil,2.41S,40.98W
1888-06-01,26.673,Parnaíba,Brazil,2.41S,40.98W
1888-07-01,26.649,Parnaíba,Brazil,2.41S,40.98W
1888-08-01,26.674,Parnaíba,Brazil,2.41S,40.98W
1888-09-01,27.28,Parnaíba,Brazil,2.41S,40.98W
1888-10-01,28.012,Parnaíba,Brazil,2.41S,40.98W
1888-11-01,28.23,Parnaíba,Brazil,2.41S,40.98W
1888-12-01,27.836,Parnaíba,Brazil,2.41S,40.98W
1889-01-01,26.964,Parnaíba,Brazil,2.41S,40.98W
1889-02-01,27.553,Parnaíba,Brazil,2.41S,40.98W
1889-03-01,27.342,Parnaíba,Brazil,2.41S,40.98W
1889-04-01,27.48,Parnaíba,Brazil,2.41S,40.98W
1889-05-01,27.366999999999997,Parnaíba,Brazil,2.41S,40.98W
1889-06-01,26.801,Parnaíba,Brazil,2.41S,40.98W
1889-07-01,26.696,Parnaíba,Brazil,2.41S,40.98W
1889-08-01,26.688,Parnaíba,Brazil,2.41S,40.98W
1889-09-01,26.677,Parnaíba,Brazil,2.41S,40.98W
1889-10-01,27.324,Parnaíba,Brazil,2.41S,40.98W
1889-11-01,27.25,Parnaíba,Brazil,2.41S,40.98W
1889-12-01,27.677,Parnaíba,Brazil,2.41S,40.98W
1890-01-01,26.531,Parnaíba,Brazil,2.41S,40.98W
1890-02-01,26.424,Parnaíba,Brazil,2.41S,40.98W
1890-03-01,26.111,Parnaíba,Brazil,2.41S,40.98W
1890-04-01,26.635,Parnaíba,Brazil,2.41S,40.98W
1890-05-01,26.591,Parnaíba,Brazil,2.41S,40.98W
1890-06-01,26.217,Parnaíba,Brazil,2.41S,40.98W
1890-07-01,26.449,Parnaíba,Brazil,2.41S,40.98W
1890-08-01,26.721,Parnaíba,Brazil,2.41S,40.98W
1890-09-01,27.17,Parnaíba,Brazil,2.41S,40.98W
1890-10-01,27.788,Parnaíba,Brazil,2.41S,40.98W
1890-11-01,27.82,Parnaíba,Brazil,2.41S,40.98W
1890-12-01,27.741999999999997,Parnaíba,Brazil,2.41S,40.98W
1891-01-01,26.649,Parnaíba,Brazil,2.41S,40.98W
1891-02-01,25.99,Parnaíba,Brazil,2.41S,40.98W
1891-03-01,26.619,Parnaíba,Brazil,2.41S,40.98W
1891-04-01,26.57,Parnaíba,Brazil,2.41S,40.98W
1891-05-01,,Parnaíba,Brazil,2.41S,40.98W
1891-06-01,26.487,Parnaíba,Brazil,2.41S,40.98W
1891-07-01,26.325,Parnaíba,Brazil,2.41S,40.98W
1891-08-01,,Parnaíba,Brazil,2.41S,40.98W
1891-09-01,26.930999999999997,Parnaíba,Brazil,2.41S,40.98W
1891-10-01,27.154,Parnaíba,Brazil,2.41S,40.98W
1891-11-01,27.464,Parnaíba,Brazil,2.41S,40.98W
1891-12-01,27.91200000000001,Parnaíba,Brazil,2.41S,40.98W
1892-01-01,27.015,Parnaíba,Brazil,2.41S,40.98W
1892-02-01,26.685,Parnaíba,Brazil,2.41S,40.98W
1892-03-01,26.551,Parnaíba,Brazil,2.41S,40.98W
1892-04-01,26.565,Parnaíba,Brazil,2.41S,40.98W
1892-05-01,26.75,Parnaíba,Brazil,2.41S,40.98W
1892-06-01,26.927,Parnaíba,Brazil,2.41S,40.98W
1892-07-01,26.25500000000001,Parnaíba,Brazil,2.41S,40.98W
1892-08-01,26.469,Parnaíba,Brazil,2.41S,40.98W
1892-09-01,26.968000000000004,Parnaíba,Brazil,2.41S,40.98W
1892-10-01,27.61,Parnaíba,Brazil,2.41S,40.98W
1892-11-01,27.129,Parnaíba,Brazil,2.41S,40.98W
1892-12-01,27.381,Parnaíba,Brazil,2.41S,40.98W
1893-01-01,25.583,Parnaíba,Brazil,2.41S,40.98W
1893-02-01,25.642,Parnaíba,Brazil,2.41S,40.98W
1893-03-01,26.689,Parnaíba,Brazil,2.41S,40.98W
1893-04-01,26.844,Parnaíba,Brazil,2.41S,40.98W
1893-05-01,26.886,Parnaíba,Brazil,2.41S,40.98W
1893-06-01,26.703000000000003,Parnaíba,Brazil,2.41S,40.98W
1893-07-01,26.618,Parnaíba,Brazil,2.41S,40.98W
1893-08-01,26.509,Parnaíba,Brazil,2.41S,40.98W
1893-09-01,27.031,Parnaíba,Brazil,2.41S,40.98W
1893-10-01,27.661,Parnaíba,Brazil,2.41S,40.98W
1893-11-01,27.792,Parnaíba,Brazil,2.41S,40.98W
1893-12-01,27.411,Parnaíba,Brazil,2.41S,40.98W
1894-01-01,26.891,Parnaíba,Brazil,2.41S,40.98W
1894-02-01,27.308000000000003,Parnaíba,Brazil,2.41S,40.98W
1894-03-01,27.228,Parnaíba,Brazil,2.41S,40.98W
1894-04-01,26.793000000000003,Parnaíba,Brazil,2.41S,40.98W
1894-05-01,27.008000000000003,Parnaíba,Brazil,2.41S,40.98W
1894-06-01,26.359,Parnaíba,Brazil,2.41S,40.98W
1894-07-01,26.186,Parnaíba,Brazil,2.41S,40.98W
1894-08-01,26.538,Parnaíba,Brazil,2.41S,40.98W
1894-09-01,27.084,Parnaíba,Brazil,2.41S,40.98W
1894-10-01,27.797,Parnaíba,Brazil,2.41S,40.98W
1894-11-01,27.613000000000003,Parnaíba,Brazil,2.41S,40.98W
1894-12-01,27.663,Parnaíba,Brazil,2.41S,40.98W
1895-01-01,26.868,Parnaíba,Brazil,2.41S,40.98W
1895-02-01,26.587,Parnaíba,Brazil,2.41S,40.98W
1895-03-01,26.533,Parnaíba,Brazil,2.41S,40.98W
1895-04-01,27.305,Parnaíba,Brazil,2.41S,40.98W
1895-05-01,27.071,Parnaíba,Brazil,2.41S,40.98W
1895-06-01,26.769,Parnaíba,Brazil,2.41S,40.98W
1895-07-01,26.636,Parnaíba,Brazil,2.41S,40.98W
1895-08-01,26.636,Parnaíba,Brazil,2.41S,40.98W
1895-09-01,26.801,Parnaíba,Brazil,2.41S,40.98W
1895-10-01,27.546,Parnaíba,Brazil,2.41S,40.98W
1895-11-01,27.824,Parnaíba,Brazil,2.41S,40.98W
1895-12-01,27.635,Parnaíba,Brazil,2.41S,40.98W
1896-01-01,27.383000000000003,Parnaíba,Brazil,2.41S,40.98W
1896-02-01,27.62,Parnaíba,Brazil,2.41S,40.98W
1896-03-01,26.412,Parnaíba,Brazil,2.41S,40.98W
1896-04-01,26.484,Parnaíba,Brazil,2.41S,40.98W
1896-05-01,26.461,Parnaíba,Brazil,2.41S,40.98W
1896-06-01,25.994,Parnaíba,Brazil,2.41S,40.98W
1896-07-01,26.764,Parnaíba,Brazil,2.41S,40.98W
1896-08-01,26.651999999999997,Parnaíba,Brazil,2.41S,40.98W
1896-09-01,27.339,Parnaíba,Brazil,2.41S,40.98W
1896-10-01,28.001,Parnaíba,Brazil,2.41S,40.98W
1896-11-01,28.356,Parnaíba,Brazil,2.41S,40.98W
1896-12-01,28.259,Parnaíba,Brazil,2.41S,40.98W
1897-01-01,27.989,Parnaíba,Brazil,2.41S,40.98W
1897-02-01,26.222,Parnaíba,Brazil,2.41S,40.98W
1897-03-01,26.649,Parnaíba,Brazil,2.41S,40.98W
1897-04-01,26.483,Parnaíba,Brazil,2.41S,40.98W
1897-05-01,26.741999999999997,Parnaíba,Brazil,2.41S,40.98W
1897-06-01,25.91,Parnaíba,Brazil,2.41S,40.98W
1897-07-01,25.737,Parnaíba,Brazil,2.41S,40.98W
1897-08-01,26.1,Parnaíba,Brazil,2.41S,40.98W
1897-09-01,27.22300000000001,Parnaíba,Brazil,2.41S,40.98W
1897-10-01,27.676,Parnaíba,Brazil,2.41S,40.98W
1897-11-01,28.01,Parnaíba,Brazil,2.41S,40.98W
1897-12-01,27.986,Parnaíba,Brazil,2.41S,40.98W
1898-01-01,27.924,Parnaíba,Brazil,2.41S,40.98W
1898-02-01,26.433000000000003,Parnaíba,Brazil,2.41S,40.98W
1898-03-01,27.47,Parnaíba,Brazil,2.41S,40.98W
1898-04-01,26.879,Parnaíba,Brazil,2.41S,40.98W
1898-05-01,27.758000000000003,Parnaíba,Brazil,2.41S,40.98W
1898-06-01,27.356,Parnaíba,Brazil,2.41S,40.98W
1898-07-01,26.86,Parnaíba,Brazil,2.41S,40.98W
1898-08-01,26.596,Parnaíba,Brazil,2.41S,40.98W
1898-09-01,26.991999999999997,Parnaíba,Brazil,2.41S,40.98W
1898-10-01,27.499,Parnaíba,Brazil,2.41S,40.98W
1898-11-01,27.946,Parnaíba,Brazil,2.41S,40.98W
1898-12-01,27.267000000000003,Parnaíba,Brazil,2.41S,40.98W
1899-01-01,27.023000000000003,Parnaíba,Brazil,2.41S,40.98W
1899-02-01,25.353,Parnaíba,Brazil,2.41S,40.98W
1899-03-01,25.553,Parnaíba,Brazil,2.41S,40.98W
1899-04-01,26.024,Parnaíba,Brazil,2.41S,40.98W
1899-05-01,26.257,Parnaíba,Brazil,2.41S,40.98W
1899-06-01,25.733,Parnaíba,Brazil,2.41S,40.98W
1899-07-01,25.554,Parnaíba,Brazil,2.41S,40.98W
1899-08-01,26.139,Parnaíba,Brazil,2.41S,40.98W
1899-09-01,27.046,Parnaíba,Brazil,2.41S,40.98W
1899-10-01,27.372,Parnaíba,Brazil,2.41S,40.98W
1899-11-01,28.072,Parnaíba,Brazil,2.41S,40.98W
1899-12-01,28.09800000000001,Parnaíba,Brazil,2.41S,40.98W
1900-01-01,27.065,Parnaíba,Brazil,2.41S,40.98W
1900-02-01,27.08,Parnaíba,Brazil,2.41S,40.98W
1900-03-01,28.196,Parnaíba,Brazil,2.41S,40.98W
1900-04-01,28.081,Parnaíba,Brazil,2.41S,40.98W
1900-05-01,28.522,Parnaíba,Brazil,2.41S,40.98W
1900-06-01,27.723000000000003,Parnaíba,Brazil,2.41S,40.98W
1900-07-01,27.31,Parnaíba,Brazil,2.41S,40.98W
1900-08-01,27.138,Parnaíba,Brazil,2.41S,40.98W
1900-09-01,27.74,Parnaíba,Brazil,2.41S,40.98W
1900-10-01,28.142,Parnaíba,Brazil,2.41S,40.98W
1900-11-01,28.292,Parnaíba,Brazil,2.41S,40.98W
1900-12-01,27.724,Parnaíba,Brazil,2.41S,40.98W
1901-01-01,27.555,Parnaíba,Brazil,2.41S,40.98W
1901-02-01,27.180999999999997,Parnaíba,Brazil,2.41S,40.98W
1901-03-01,26.785,Parnaíba,Brazil,2.41S,40.98W
1901-04-01,26.966,Parnaíba,Brazil,2.41S,40.98W
1901-05-01,26.74,Parnaíba,Brazil,2.41S,40.98W
1901-06-01,27.498,Parnaíba,Brazil,2.41S,40.98W
1901-07-01,27.002,Parnaíba,Brazil,2.41S,40.98W
1901-08-01,27.148000000000003,Parnaíba,Brazil,2.41S,40.98W
1901-09-01,27.326,Parnaíba,Brazil,2.41S,40.98W
1901-10-01,27.626,Parnaíba,Brazil,2.41S,40.98W
1901-11-01,28.107,Parnaíba,Brazil,2.41S,40.98W
1901-12-01,27.868,Parnaíba,Brazil,2.41S,40.98W
1902-01-01,27.351,Parnaíba,Brazil,2.41S,40.98W
1902-02-01,27.61,Parnaíba,Brazil,2.41S,40.98W
1902-03-01,27.285,Parnaíba,Brazil,2.41S,40.98W
1902-04-01,27.243,Parnaíba,Brazil,2.41S,40.98W
1902-05-01,26.767,Parnaíba,Brazil,2.41S,40.98W
1902-06-01,27.415,Parnaíba,Brazil,2.41S,40.98W
1902-07-01,27.031,Parnaíba,Brazil,2.41S,40.98W
1902-08-01,26.805,Parnaíba,Brazil,2.41S,40.98W
1902-09-01,27.07,Parnaíba,Brazil,2.41S,40.98W
1902-10-01,27.132,Parnaíba,Brazil,2.41S,40.98W
1902-11-01,27.386,Parnaíba,Brazil,2.41S,40.98W
1902-12-01,27.91,Parnaíba,Brazil,2.41S,40.98W
1903-01-01,27.216,Parnaíba,Brazil,2.41S,40.98W
1903-02-01,26.597,Parnaíba,Brazil,2.41S,40.98W
1903-03-01,26.851,Parnaíba,Brazil,2.41S,40.98W
1903-04-01,27.715,Parnaíba,Brazil,2.41S,40.98W
1903-05-01,27.877,Parnaíba,Brazil,2.41S,40.98W
1903-06-01,27.447,Parnaíba,Brazil,2.41S,40.98W
1903-07-01,27.163,Parnaíba,Brazil,2.41S,40.98W
1903-08-01,26.862,Parnaíba,Brazil,2.41S,40.98W
1903-09-01,26.905,Parnaíba,Brazil,2.41S,40.98W
1903-10-01,27.382,Parnaíba,Brazil,2.41S,40.98W
1903-11-01,27.796,Parnaíba,Brazil,2.41S,40.98W
1903-12-01,27.790000000000006,Parnaíba,Brazil,2.41S,40.98W
1904-01-01,26.799,Parnaíba,Brazil,2.41S,40.98W
1904-02-01,27.08,Parnaíba,Brazil,2.41S,40.98W
1904-03-01,26.168000000000003,Parnaíba,Brazil,2.41S,40.98W
1904-04-01,27.089,Parnaíba,Brazil,2.41S,40.98W
1904-05-01,26.921999999999997,Parnaíba,Brazil,2.41S,40.98W
1904-06-01,26.67,Parnaíba,Brazil,2.41S,40.98W
1904-07-01,25.96,Parnaíba,Brazil,2.41S,40.98W
1904-08-01,25.774,Parnaíba,Brazil,2.41S,40.98W
1904-09-01,26.552,Parnaíba,Brazil,2.41S,40.98W
1904-10-01,26.903,Parnaíba,Brazil,2.41S,40.98W
1904-11-01,27.45,Parnaíba,Brazil,2.41S,40.98W
1904-12-01,27.326,Parnaíba,Brazil,2.41S,40.98W
1905-01-01,27.228,Parnaíba,Brazil,2.41S,40.98W
1905-02-01,26.355,Parnaíba,Brazil,2.41S,40.98W
1905-03-01,26.052,Parnaíba,Brazil,2.41S,40.98W
1905-04-01,26.469,Parnaíba,Brazil,2.41S,40.98W
1905-05-01,27.344,Parnaíba,Brazil,2.41S,40.98W
1905-06-01,27.191,Parnaíba,Brazil,2.41S,40.98W
1905-07-01,26.774,Parnaíba,Brazil,2.41S,40.98W
1905-08-01,27.044,Parnaíba,Brazil,2.41S,40.98W
1905-09-01,27.256,Parnaíba,Brazil,2.41S,40.98W
1905-10-01,27.261,Parnaíba,Brazil,2.41S,40.98W
1905-11-01,28.36,Parnaíba,Brazil,2.41S,40.98W
1905-12-01,27.416,Parnaíba,Brazil,2.41S,40.98W
1906-01-01,27.639,Parnaíba,Brazil,2.41S,40.98W
1906-02-01,26.627,Parnaíba,Brazil,2.41S,40.98W
1906-03-01,26.971,Parnaíba,Brazil,2.41S,40.98W
1906-04-01,26.648000000000003,Parnaíba,Brazil,2.41S,40.98W
1906-05-01,26.217,Parnaíba,Brazil,2.41S,40.98W
1906-06-01,26.136999999999997,Parnaíba,Brazil,2.41S,40.98W
1906-07-01,26.448,Parnaíba,Brazil,2.41S,40.98W
1906-08-01,26.628,Parnaíba,Brazil,2.41S,40.98W
1906-09-01,26.899,Parnaíba,Brazil,2.41S,40.98W
1906-10-01,27.462,Parnaíba,Brazil,2.41S,40.98W
1906-11-01,27.839,Parnaíba,Brazil,2.41S,40.98W
1906-12-01,27.792,Parnaíba,Brazil,2.41S,40.98W
1907-01-01,27.301,Parnaíba,Brazil,2.41S,40.98W
1907-02-01,26.463,Parnaíba,Brazil,2.41S,40.98W
1907-03-01,27.07,Parnaíba,Brazil,2.41S,40.98W
1907-04-01,27.34,Parnaíba,Brazil,2.41S,40.98W
1907-05-01,27.924,Parnaíba,Brazil,2.41S,40.98W
1907-06-01,27.656999999999996,Parnaíba,Brazil,2.41S,40.98W
1907-07-01,26.038,Parnaíba,Brazil,2.41S,40.98W
1907-08-01,26.894,Parnaíba,Brazil,2.41S,40.98W
1907-09-01,27.229000000000006,Parnaíba,Brazil,2.41S,40.98W
1907-10-01,27.897,Parnaíba,Brazil,2.41S,40.98W
1907-11-01,27.997,Parnaíba,Brazil,2.41S,40.98W
1907-12-01,27.680999999999997,Parnaíba,Brazil,2.41S,40.98W
1908-01-01,27.773000000000003,Parnaíba,Brazil,2.41S,40.98W
1908-02-01,28.353,Parnaíba,Brazil,2.41S,40.98W
1908-03-01,27.189,Parnaíba,Brazil,2.41S,40.98W
1908-04-01,27.476,Parnaíba,Brazil,2.41S,40.98W
1908-05-01,27.763,Parnaíba,Brazil,2.41S,40.98W
1908-06-01,27.706,Parnaíba,Brazil,2.41S,40.98W
1908-07-01,27.328000000000003,Parnaíba,Brazil,2.41S,40.98W
1908-08-01,27.372,Parnaíba,Brazil,2.41S,40.98W
1908-09-01,27.724,Parnaíba,Brazil,2.41S,40.98W
1908-10-01,27.774,Parnaíba,Brazil,2.41S,40.98W
1908-11-01,27.591,Parnaíba,Brazil,2.41S,40.98W
1908-12-01,27.843000000000004,Parnaíba,Brazil,2.41S,40.98W
1909-01-01,27.16,Parnaíba,Brazil,2.41S,40.98W
1909-02-01,26.945,Parnaíba,Brazil,2.41S,40.98W
1909-03-01,27.702,Parnaíba,Brazil,2.41S,40.98W
1909-04-01,27.411,Parnaíba,Brazil,2.41S,40.98W
1909-05-01,27.724,Parnaíba,Brazil,2.41S,40.98W
1909-06-01,27.893,Parnaíba,Brazil,2.41S,40.98W
1909-07-01,27.055,Parnaíba,Brazil,2.41S,40.98W
1909-08-01,26.868,Parnaíba,Brazil,2.41S,40.98W
1909-09-01,27.236,Parnaíba,Brazil,2.41S,40.98W
1909-10-01,27.755,Parnaíba,Brazil,2.41S,40.98W
1909-11-01,28.212,Parnaíba,Brazil,2.41S,40.98W
1909-12-01,27.831999999999997,Parnaíba,Brazil,2.41S,40.98W
1910-01-01,26.821,Parnaíba,Brazil,2.41S,40.98W
1910-02-01,27.372,Parnaíba,Brazil,2.41S,40.98W
1910-03-01,26.725,Parnaíba,Brazil,2.41S,40.98W
1910-04-01,26.748,Parnaíba,Brazil,2.41S,40.98W
1910-05-01,26.553,Parnaíba,Brazil,2.41S,40.98W
1910-06-01,26.533,Parnaíba,Brazil,2.41S,40.98W
1910-07-01,26.669,Parnaíba,Brazil,2.41S,40.98W
1910-08-01,26.963,Parnaíba,Brazil,2.41S,40.98W
1910-09-01,27.373,Parnaíba,Brazil,2.41S,40.98W
1910-10-01,27.945,Parnaíba,Brazil,2.41S,40.98W
1910-11-01,27.835,Parnaíba,Brazil,2.41S,40.98W
1910-12-01,27.324,Parnaíba,Brazil,2.41S,40.98W
1911-01-01,26.3,Parnaíba,Brazil,2.41S,40.98W
1911-02-01,26.633000000000003,Parnaíba,Brazil,2.41S,40.98W
1911-03-01,25.866999999999997,Parnaíba,Brazil,2.41S,40.98W
1911-04-01,26.965,Parnaíba,Brazil,2.41S,40.98W
1911-05-01,27.386,Parnaíba,Brazil,2.41S,40.98W
1911-06-01,27.994,Parnaíba,Brazil,2.41S,40.98W
1911-07-01,26.958,Parnaíba,Brazil,2.41S,40.98W
1911-08-01,26.941,Parnaíba,Brazil,2.41S,40.98W
1911-09-01,27.241999999999997,Parnaíba,Brazil,2.41S,40.98W
1911-10-01,27.375,Parnaíba,Brazil,2.41S,40.98W
1911-11-01,27.716,Parnaíba,Brazil,2.41S,40.98W
1911-12-01,27.5,Parnaíba,Brazil,2.41S,40.98W
1912-01-01,26.923,Parnaíba,Brazil,2.41S,40.98W
1912-02-01,26.34,Parnaíba,Brazil,2.41S,40.98W
1912-03-01,26.249,Parnaíba,Brazil,2.41S,40.98W
1912-04-01,26.752,Parnaíba,Brazil,2.41S,40.98W
1912-05-01,26.713,Parnaíba,Brazil,2.41S,40.98W
1912-06-01,26.522,Parnaíba,Brazil,2.41S,40.98W
1912-07-01,26.284,Parnaíba,Brazil,2.41S,40.98W
1912-08-01,26.616,Parnaíba,Brazil,2.41S,40.98W
1912-09-01,26.965,Parnaíba,Brazil,2.41S,40.98W
1912-10-01,27.334,Parnaíba,Brazil,2.41S,40.98W
1912-11-01,27.829,Parnaíba,Brazil,2.41S,40.98W
1912-12-01,27.805999999999997,Parnaíba,Brazil,2.41S,40.98W
1913-01-01,27.765,Parnaíba,Brazil,2.41S,40.98W
1913-02-01,26.072,Parnaíba,Brazil,2.41S,40.98W
1913-03-01,26.305999999999997,Parnaíba,Brazil,2.41S,40.98W
1913-04-01,26.573,Parnaíba,Brazil,2.41S,40.98W
1913-05-01,26.3,Parnaíba,Brazil,2.41S,40.98W
1913-06-01,26.404,Parnaíba,Brazil,2.41S,40.98W
1913-07-01,26.036,Parnaíba,Brazil,2.41S,40.98W
1913-08-01,26.675,Parnaíba,Brazil,2.41S,40.98W
1913-09-01,26.99,Parnaíba,Brazil,2.41S,40.98W
1913-10-01,27.419,Parnaíba,Brazil,2.41S,40.98W
1913-11-01,28.055,Parnaíba,Brazil,2.41S,40.98W
1913-12-01,27.47300000000001,Parnaíba,Brazil,2.41S,40.98W
1914-01-01,27.106,Parnaíba,Brazil,2.41S,40.98W
1914-02-01,26.814,Parnaíba,Brazil,2.41S,40.98W
1914-03-01,26.84,Parnaíba,Brazil,2.41S,40.98W
1914-04-01,27.058000000000003,Parnaíba,Brazil,2.41S,40.98W
1914-05-01,27.095,Parnaíba,Brazil,2.41S,40.98W
1914-06-01,26.577,Parnaíba,Brazil,2.41S,40.98W
1914-07-01,26.09,Parnaíba,Brazil,2.41S,40.98W
1914-08-01,26.11,Parnaíba,Brazil,2.41S,40.98W
1914-09-01,27.144,Parnaíba,Brazil,2.41S,40.98W
1914-10-01,27.494,Parnaíba,Brazil,2.41S,40.98W
1914-11-01,27.868,Parnaíba,Brazil,2.41S,40.98W
1914-12-01,28.22300000000001,Parnaíba,Brazil,2.41S,40.98W
1915-01-01,27.936,Parnaíba,Brazil,2.41S,40.98W
1915-02-01,28.331,Parnaíba,Brazil,2.41S,40.98W
1915-03-01,29.389,Parnaíba,Brazil,2.41S,40.98W
1915-04-01,28.454,Parnaíba,Brazil,2.41S,40.98W
1915-05-01,28.988000000000003,Parnaíba,Brazil,2.41S,40.98W
1915-06-01,28.247,Parnaíba,Brazil,2.41S,40.98W
1915-07-01,27.858,Parnaíba,Brazil,2.41S,40.98W
1915-08-01,27.648000000000003,Parnaíba,Brazil,2.41S,40.98W
1915-09-01,27.584,Parnaíba,Brazil,2.41S,40.98W
1915-10-01,28.138,Parnaíba,Brazil,2.41S,40.98W
1915-11-01,28.514,Parnaíba,Brazil,2.41S,40.98W
1915-12-01,27.745,Parnaíba,Brazil,2.41S,40.98W
1916-01-01,27.405,Parnaíba,Brazil,2.41S,40.98W
1916-02-01,27.661,Parnaíba,Brazil,2.41S,40.98W
1916-03-01,26.59,Parnaíba,Brazil,2.41S,40.98W
1916-04-01,27.123,Parnaíba,Brazil,2.41S,40.98W
1916-05-01,26.566999999999997,Parnaíba,Brazil,2.41S,40.98W
1916-06-01,26.037,Parnaíba,Brazil,2.41S,40.98W
1916-07-01,25.834,Parnaíba,Brazil,2.41S,40.98W
1916-08-01,26.321,Parnaíba,Brazil,2.41S,40.98W
1916-09-01,26.843000000000004,Parnaíba,Brazil,2.41S,40.98W
1916-10-01,27.56,Parnaíba,Brazil,2.41S,40.98W
1916-11-01,27.815,Parnaíba,Brazil,2.41S,40.98W
1916-12-01,27.564,Parnaíba,Brazil,2.41S,40.98W
1917-01-01,26.118,Parnaíba,Brazil,2.41S,40.98W
1917-02-01,25.603,Parnaíba,Brazil,2.41S,40.98W
1917-03-01,26.055,Parnaíba,Brazil,2.41S,40.98W
1917-04-01,26.475,Parnaíba,Brazil,2.41S,40.98W
1917-05-01,26.081,Parnaíba,Brazil,2.41S,40.98W
1917-06-01,25.758000000000003,Parnaíba,Brazil,2.41S,40.98W
1917-07-01,26.039,Parnaíba,Brazil,2.41S,40.98W
1917-08-01,26.409,Parnaíba,Brazil,2.41S,40.98W
1917-09-01,27.149,Parnaíba,Brazil,2.41S,40.98W
1917-10-01,27.743,Parnaíba,Brazil,2.41S,40.98W
1917-11-01,28.156999999999996,Parnaíba,Brazil,2.41S,40.98W
1917-12-01,27.219,Parnaíba,Brazil,2.41S,40.98W
1918-01-01,26.545,Parnaíba,Brazil,2.41S,40.98W
1918-02-01,26.155,Parnaíba,Brazil,2.41S,40.98W
1918-03-01,26.829,Parnaíba,Brazil,2.41S,40.98W
1918-04-01,26.904,Parnaíba,Brazil,2.41S,40.98W
1918-05-01,27.058000000000003,Parnaíba,Brazil,2.41S,40.98W
1918-06-01,26.496,Parnaíba,Brazil,2.41S,40.98W
1918-07-01,26.717,Parnaíba,Brazil,2.41S,40.98W
1918-08-01,26.361,Parnaíba,Brazil,2.41S,40.98W
1918-09-01,26.926,Parnaíba,Brazil,2.41S,40.98W
1918-10-01,27.706,Parnaíba,Brazil,2.41S,40.98W
1918-11-01,28.329,Parnaíba,Brazil,2.41S,40.98W
1918-12-01,27.926,Parnaíba,Brazil,2.41S,40.98W
1919-01-01,27.464,Parnaíba,Brazil,2.41S,40.98W
1919-02-01,27.994,Parnaíba,Brazil,2.41S,40.98W
1919-03-01,28.476999999999997,Parnaíba,Brazil,2.41S,40.98W
1919-04-01,28.786,Parnaíba,Brazil,2.41S,40.98W
1919-05-01,28.883000000000003,Parnaíba,Brazil,2.41S,40.98W
1919-06-01,27.816999999999997,Parnaíba,Brazil,2.41S,40.98W
1919-07-01,26.761,Parnaíba,Brazil,2.41S,40.98W
1919-08-01,27.106,Parnaíba,Brazil,2.41S,40.98W
1919-09-01,27.325000000000006,Parnaíba,Brazil,2.41S,40.98W
1919-10-01,27.7,Parnaíba,Brazil,2.41S,40.98W
1919-11-01,27.912,Parnaíba,Brazil,2.41S,40.98W
1919-12-01,28.214,Parnaíba,Brazil,2.41S,40.98W
1920-01-01,27.981,Parnaíba,Brazil,2.41S,40.98W
1920-02-01,28.136,Parnaíba,Brazil,2.41S,40.98W
1920-03-01,26.985,Parnaíba,Brazil,2.41S,40.98W
1920-04-01,26.781,Parnaíba,Brazil,2.41S,40.98W
1920-05-01,26.925,Parnaíba,Brazil,2.41S,40.98W
1920-06-01,26.351999999999997,Parnaíba,Brazil,2.41S,40.98W
1920-07-01,26.253,Parnaíba,Brazil,2.41S,40.98W
1920-08-01,26.844,Parnaíba,Brazil,2.41S,40.98W
1920-09-01,27.231,Parnaíba,Brazil,2.41S,40.98W
1920-10-01,27.956,Parnaíba,Brazil,2.41S,40.98W
1920-11-01,28.166,Parnaíba,Brazil,2.41S,40.98W
1920-12-01,27.776999999999997,Parnaíba,Brazil,2.41S,40.98W
1921-01-01,27.21,Parnaíba,Brazil,2.41S,40.98W
1921-02-01,26.289,Parnaíba,Brazil,2.41S,40.98W
1921-03-01,26.581999999999997,Parnaíba,Brazil,2.41S,40.98W
1921-04-01,26.842,Parnaíba,Brazil,2.41S,40.98W
1921-05-01,26.371,Parnaíba,Brazil,2.41S,40.98W
1921-06-01,26.044,Parnaíba,Brazil,2.41S,40.98W
1921-07-01,25.604,Parnaíba,Brazil,2.41S,40.98W
1921-08-01,26.279,Parnaíba,Brazil,2.41S,40.98W
1921-09-01,27.026999999999997,Parnaíba,Brazil,2.41S,40.98W
1921-10-01,27.664,Parnaíba,Brazil,2.41S,40.98W
1921-11-01,28.127,Parnaíba,Brazil,2.41S,40.98W
1921-12-01,27.771,Parnaíba,Brazil,2.41S,40.98W
1922-01-01,27.733,Parnaíba,Brazil,2.41S,40.98W
1922-02-01,27.495,Parnaíba,Brazil,2.41S,40.98W
1922-03-01,27.136,Parnaíba,Brazil,2.41S,40.98W
1922-04-01,26.514,Parnaíba,Brazil,2.41S,40.98W
1922-05-01,26.496,Parnaíba,Brazil,2.41S,40.98W
1922-06-01,26.304,Parnaíba,Brazil,2.41S,40.98W
1922-07-01,25.632,Parnaíba,Brazil,2.41S,40.98W
1922-08-01,26.008000000000003,Parnaíba,Brazil,2.41S,40.98W
1922-09-01,26.903,Parnaíba,Brazil,2.41S,40.98W
1922-10-01,27.301,Parnaíba,Brazil,2.41S,40.98W
1922-11-01,27.789,Parnaíba,Brazil,2.41S,40.98W
1922-12-01,27.476999999999997,Parnaíba,Brazil,2.41S,40.98W
1923-01-01,27.515,Parnaíba,Brazil,2.41S,40.98W
1923-02-01,26.305,Parnaíba,Brazil,2.41S,40.98W
1923-03-01,26.949,Parnaíba,Brazil,2.41S,40.98W
1923-04-01,26.168000000000003,Parnaíba,Brazil,2.41S,40.98W
1923-05-01,26.796999999999997,Parnaíba,Brazil,2.41S,40.98W
1923-06-01,26.781999999999996,Parnaíba,Brazil,2.41S,40.98W
1923-07-01,26.206999999999997,Parnaíba,Brazil,2.41S,40.98W
1923-08-01,26.648000000000003,Parnaíba,Brazil,2.41S,40.98W
1923-09-01,27.138,Parnaíba,Brazil,2.41S,40.98W
1923-10-01,27.811,Parnaíba,Brazil,2.41S,40.98W
1923-11-01,28.338,Parnaíba,Brazil,2.41S,40.98W
1923-12-01,28.136999999999997,Parnaíba,Brazil,2.41S,40.98W
1924-01-01,27.9,Parnaíba,Brazil,2.41S,40.98W
1924-02-01,26.534,Parnaíba,Brazil,2.41S,40.98W
1924-03-01,26.716,Parnaíba,Brazil,2.41S,40.98W
1924-04-01,26.882,Parnaíba,Brazil,2.41S,40.98W
1924-05-01,26.849,Parnaíba,Brazil,2.41S,40.98W
1924-06-01,26.066999999999997,Parnaíba,Brazil,2.41S,40.98W
1924-07-01,25.756,Parnaíba,Brazil,2.41S,40.98W
1924-08-01,25.868,Parnaíba,Brazil,2.41S,40.98W
1924-09-01,26.613000000000003,Parnaíba,Brazil,2.41S,40.98W
1924-10-01,27.333,Parnaíba,Brazil,2.41S,40.98W
1924-11-01,27.851,Parnaíba,Brazil,2.41S,40.98W
1924-12-01,27.026999999999997,Parnaíba,Brazil,2.41S,40.98W
1925-01-01,26.429,Parnaíba,Brazil,2.41S,40.98W
1925-02-01,26.553,Parnaíba,Brazil,2.41S,40.98W
1925-03-01,26.77,Parnaíba,Brazil,2.41S,40.98W
1925-04-01,26.702,Parnaíba,Brazil,2.41S,40.98W
1925-05-01,26.801,Parnaíba,Brazil,2.41S,40.98W
1925-06-01,26.77,Parnaíba,Brazil,2.41S,40.98W
1925-07-01,26.88000000000001,Parnaíba,Brazil,2.41S,40.98W
1925-08-01,26.827,Parnaíba,Brazil,2.41S,40.98W
1925-09-01,27.177,Parnaíba,Brazil,2.41S,40.98W
1925-10-01,27.582,Parnaíba,Brazil,2.41S,40.98W
1925-11-01,27.914,Parnaíba,Brazil,2.41S,40.98W
1925-12-01,27.950000000000006,Parnaíba,Brazil,2.41S,40.98W
1926-01-01,27.233,Parnaíba,Brazil,2.41S,40.98W
1926-02-01,27.146,Parnaíba,Brazil,2.41S,40.98W
1926-03-01,27.307,Parnaíba,Brazil,2.41S,40.98W
1926-04-01,27.285,Parnaíba,Brazil,2.41S,40.98W
1926-05-01,27.523000000000003,Parnaíba,Brazil,2.41S,40.98W
1926-06-01,26.971,Parnaíba,Brazil,2.41S,40.98W
1926-07-01,26.999,Parnaíba,Brazil,2.41S,40.98W
1926-08-01,26.679,Parnaíba,Brazil,2.41S,40.98W
1926-09-01,27.185,Parnaíba,Brazil,2.41S,40.98W
1926-10-01,27.66,Parnaíba,Brazil,2.41S,40.98W
1926-11-01,28.239,Parnaíba,Brazil,2.41S,40.98W
1926-12-01,27.899,Parnaíba,Brazil,2.41S,40.98W
1927-01-01,27.503,Parnaíba,Brazil,2.41S,40.98W
1927-02-01,27.399,Parnaíba,Brazil,2.41S,40.98W
1927-03-01,27.116999999999997,Parnaíba,Brazil,2.41S,40.98W
1927-04-01,26.986,Parnaíba,Brazil,2.41S,40.98W
1927-05-01,27.26,Parnaíba,Brazil,2.41S,40.98W
1927-06-01,26.745,Parnaíba,Brazil,2.41S,40.98W
1927-07-01,26.261,Parnaíba,Brazil,2.41S,40.98W
1927-08-01,26.976,Parnaíba,Brazil,2.41S,40.98W
1927-09-01,27.553,Parnaíba,Brazil,2.41S,40.98W
1927-10-01,28.034,Parnaíba,Brazil,2.41S,40.98W
1927-11-01,28.459,Parnaíba,Brazil,2.41S,40.98W
1927-12-01,28.561,Parnaíba,Brazil,2.41S,40.98W
1928-01-01,27.794,Parnaíba,Brazil,2.41S,40.98W
1928-02-01,28.233,Parnaíba,Brazil,2.41S,40.98W
1928-03-01,27.372,Parnaíba,Brazil,2.41S,40.98W
1928-04-01,27.325,Parnaíba,Brazil,2.41S,40.98W
1928-05-01,27.363000000000003,Parnaíba,Brazil,2.41S,40.98W
1928-06-01,27.319000000000003,Parnaíba,Brazil,2.41S,40.98W
1928-07-01,27.031999999999996,Parnaíba,Brazil,2.41S,40.98W
1928-08-01,27.069000000000003,Parnaíba,Brazil,2.41S,40.98W
1928-09-01,27.599,Parnaíba,Brazil,2.41S,40.98W
1928-10-01,27.923,Parnaíba,Brazil,2.41S,40.98W
1928-11-01,28.356,Parnaíba,Brazil,2.41S,40.98W
1928-12-01,28.496,Parnaíba,Brazil,2.41S,40.98W
1929-01-01,27.273000000000003,Parnaíba,Brazil,2.41S,40.98W
1929-02-01,27.128,Parnaíba,Brazil,2.41S,40.98W
1929-03-01,26.884,Parnaíba,Brazil,2.41S,40.98W
1929-04-01,27.149,Parnaíba,Brazil,2.41S,40.98W
1929-05-01,27.21,Parnaíba,Brazil,2.41S,40.98W
1929-06-01,26.98,Parnaíba,Brazil,2.41S,40.98W
1929-07-01,26.518,Parnaíba,Brazil,2.41S,40.98W
1929-08-01,27.066,Parnaíba,Brazil,2.41S,40.98W
1929-09-01,27.357000000000006,Parnaíba,Brazil,2.41S,40.98W
1929-10-01,27.385,Parnaíba,Brazil,2.41S,40.98W
1929-11-01,28.147,Parnaíba,Brazil,2.41S,40.98W
1929-12-01,27.648000000000003,Parnaíba,Brazil,2.41S,40.98W
1930-01-01,27.76,Parnaíba,Brazil,2.41S,40.98W
1930-02-01,27.088,Parnaíba,Brazil,2.41S,40.98W
1930-03-01,27.403,Parnaíba,Brazil,2.41S,40.98W
1930-04-01,27.001,Parnaíba,Brazil,2.41S,40.98W
1930-05-01,27.741999999999997,Parnaíba,Brazil,2.41S,40.98W
1930-06-01,27.197,Parnaíba,Brazil,2.41S,40.98W
1930-07-01,27.161,Parnaíba,Brazil,2.41S,40.98W
1930-08-01,26.928,Parnaíba,Brazil,2.41S,40.98W
1930-09-01,27.614,Parnaíba,Brazil,2.41S,40.98W
1930-10-01,27.705,Parnaíba,Brazil,2.41S,40.98W
1930-11-01,28.38,Parnaíba,Brazil,2.41S,40.98W
1930-12-01,28.605,Parnaíba,Brazil,2.41S,40.98W
1931-01-01,27.749,Parnaíba,Brazil,2.41S,40.98W
1931-02-01,27.434,Parnaíba,Brazil,2.41S,40.98W
1931-03-01,27.898000000000003,Parnaíba,Brazil,2.41S,40.98W
1931-04-01,27.823,Parnaíba,Brazil,2.41S,40.98W
1931-05-01,28.066999999999997,Parnaíba,Brazil,2.41S,40.98W
1931-06-01,28.016,Parnaíba,Brazil,2.41S,40.98W
1931-07-01,27.728,Parnaíba,Brazil,2.41S,40.98W
1931-08-01,27.329,Parnaíba,Brazil,2.41S,40.98W
1931-09-01,27.668000000000006,Parnaíba,Brazil,2.41S,40.98W
1931-10-01,27.99,Parnaíba,Brazil,2.41S,40.98W
1931-11-01,28.432,Parnaíba,Brazil,2.41S,40.98W
1931-12-01,28.375,Parnaíba,Brazil,2.41S,40.98W
1932-01-01,28.204,Parnaíba,Brazil,2.41S,40.98W
1932-02-01,27.74,Parnaíba,Brazil,2.41S,40.98W
1932-03-01,27.944000000000003,Parnaíba,Brazil,2.41S,40.98W
1932-04-01,28.67,Parnaíba,Brazil,2.41S,40.98W
1932-05-01,28.261999999999997,Parnaíba,Brazil,2.41S,40.98W
1932-06-01,28.028,Parnaíba,Brazil,2.41S,40.98W
1932-07-01,27.571,Parnaíba,Brazil,2.41S,40.98W
1932-08-01,27.574,Parnaíba,Brazil,2.41S,40.98W
1932-09-01,27.579,Parnaíba,Brazil,2.41S,40.98W
1932-10-01,27.794,Parnaíba,Brazil,2.41S,40.98W
1932-11-01,28.432,Parnaíba,Brazil,2.41S,40.98W
1932-12-01,28.496,Parnaíba,Brazil,2.41S,40.98W
1933-01-01,27.785,Parnaíba,Brazil,2.41S,40.98W
1933-02-01,27.074,Parnaíba,Brazil,2.41S,40.98W
1933-03-01,27.382,Parnaíba,Brazil,2.41S,40.98W
1933-04-01,27.073,Parnaíba,Brazil,2.41S,40.98W
1933-05-01,27.371,Parnaíba,Brazil,2.41S,40.98W
1933-06-01,27.256,Parnaíba,Brazil,2.41S,40.98W
1933-07-01,26.933000000000003,Parnaíba,Brazil,2.41S,40.98W
1933-08-01,27.123,Parnaíba,Brazil,2.41S,40.98W
1933-09-01,27.651999999999997,Parnaíba,Brazil,2.41S,40.98W
1933-10-01,27.83,Parnaíba,Brazil,2.41S,40.98W
1933-11-01,27.784,Parnaíba,Brazil,2.41S,40.98W
1933-12-01,28.081,Parnaíba,Brazil,2.41S,40.98W
1934-01-01,27.123,Parnaíba,Brazil,2.41S,40.98W
1934-02-01,26.292,Parnaíba,Brazil,2.41S,40.98W
1934-03-01,26.252,Parnaíba,Brazil,2.41S,40.98W
1934-04-01,26.679,Parnaíba,Brazil,2.41S,40.98W
1934-05-01,26.571,Parnaíba,Brazil,2.41S,40.98W
1934-06-01,26.251,Parnaíba,Brazil,2.41S,40.98W
1934-07-01,26.346,Parnaíba,Brazil,2.41S,40.98W
1934-08-01,26.744,Parnaíba,Brazil,2.41S,40.98W
1934-09-01,27.691999999999997,Parnaíba,Brazil,2.41S,40.98W
1934-10-01,28.212,Parnaíba,Brazil,2.41S,40.98W
1934-11-01,28.443,Parnaíba,Brazil,2.41S,40.98W
1934-12-01,27.961,Parnaíba,Brazil,2.41S,40.98W
1935-01-01,27.72,Parnaíba,Brazil,2.41S,40.98W
1935-02-01,26.48,Parnaíba,Brazil,2.41S,40.98W
1935-03-01,27.094,Parnaíba,Brazil,2.41S,40.98W
1935-04-01,26.834,Parnaíba,Brazil,2.41S,40.98W
1935-05-01,26.947,Parnaíba,Brazil,2.41S,40.98W
1935-06-01,26.4,Parnaíba,Brazil,2.41S,40.98W
1935-07-01,26.416,Parnaíba,Brazil,2.41S,40.98W
1935-08-01,26.688,Parnaíba,Brazil,2.41S,40.98W
1935-09-01,27.046,Parnaíba,Brazil,2.41S,40.98W
1935-10-01,27.814,Parnaíba,Brazil,2.41S,40.98W
1935-11-01,28.43,Parnaíba,Brazil,2.41S,40.98W
1935-12-01,28.239,Parnaíba,Brazil,2.41S,40.98W
1936-01-01,27.873,Parnaíba,Brazil,2.41S,40.98W
1936-02-01,27.007,Parnaíba,Brazil,2.41S,40.98W
1936-03-01,27.921,Parnaíba,Brazil,2.41S,40.98W
1936-04-01,28.238000000000003,Parnaíba,Brazil,2.41S,40.98W
1936-05-01,27.659,Parnaíba,Brazil,2.41S,40.98W
1936-06-01,26.493,Parnaíba,Brazil,2.41S,40.98W
1936-07-01,26.185,Parnaíba,Brazil,2.41S,40.98W
1936-08-01,26.941,Parnaíba,Brazil,2.41S,40.98W
1936-09-01,27.22600000000001,Parnaíba,Brazil,2.41S,40.98W
1936-10-01,27.906,Parnaíba,Brazil,2.41S,40.98W
1936-11-01,28.385,Parnaíba,Brazil,2.41S,40.98W
1936-12-01,28.261999999999997,Parnaíba,Brazil,2.41S,40.98W
1937-01-01,28.563,Parnaíba,Brazil,2.41S,40.98W
1937-02-01,27.545,Parnaíba,Brazil,2.41S,40.98W
1937-03-01,28.072,Parnaíba,Brazil,2.41S,40.98W
1937-04-01,27.377,Parnaíba,Brazil,2.41S,40.98W
1937-05-01,27.156,Parnaíba,Brazil,2.41S,40.98W
1937-06-01,26.874,Parnaíba,Brazil,2.41S,40.98W
1937-07-01,26.577,Parnaíba,Brazil,2.41S,40.98W
1937-08-01,27.077,Parnaíba,Brazil,2.41S,40.98W
1937-09-01,27.824,Parnaíba,Brazil,2.41S,40.98W
1937-10-01,28.33,Parnaíba,Brazil,2.41S,40.98W
1937-11-01,28.861,Parnaíba,Brazil,2.41S,40.98W
1937-12-01,28.613000000000003,Parnaíba,Brazil,2.41S,40.98W
1938-01-01,27.930999999999997,Parnaíba,Brazil,2.41S,40.98W
1938-02-01,28.682,Parnaíba,Brazil,2.41S,40.98W
1938-03-01,27.031,Parnaíba,Brazil,2.41S,40.98W
1938-04-01,27.036,Parnaíba,Brazil,2.41S,40.98W
1938-05-01,27.204,Parnaíba,Brazil,2.41S,40.98W
1938-06-01,26.946,Parnaíba,Brazil,2.41S,40.98W
1938-07-01,26.813,Parnaíba,Brazil,2.41S,40.98W
1938-08-01,26.987,Parnaíba,Brazil,2.41S,40.98W
1938-09-01,27.581,Parnaíba,Brazil,2.41S,40.98W
1938-10-01,28.223000000000003,Parnaíba,Brazil,2.41S,40.98W
1938-11-01,27.98,Parnaíba,Brazil,2.41S,40.98W
1938-12-01,28.292,Parnaíba,Brazil,2.41S,40.98W
1939-01-01,27.964,Parnaíba,Brazil,2.41S,40.98W
1939-02-01,26.858,Parnaíba,Brazil,2.41S,40.98W
1939-03-01,26.874,Parnaíba,Brazil,2.41S,40.98W
1939-04-01,27.178,Parnaíba,Brazil,2.41S,40.98W
1939-05-01,27.571,Parnaíba,Brazil,2.41S,40.98W
1939-06-01,27.272,Parnaíba,Brazil,2.41S,40.98W
1939-07-01,27.261,Parnaíba,Brazil,2.41S,40.98W
1939-08-01,27.129,Parnaíba,Brazil,2.41S,40.98W
1939-09-01,27.269,Parnaíba,Brazil,2.41S,40.98W
1939-10-01,27.313,Parnaíba,Brazil,2.41S,40.98W
1939-11-01,28.07,Parnaíba,Brazil,2.41S,40.98W
1939-12-01,28.406,Parnaíba,Brazil,2.41S,40.98W
1940-01-01,27.246,Parnaíba,Brazil,2.41S,40.98W
1940-02-01,27.717,Parnaíba,Brazil,2.41S,40.98W
1940-03-01,27.111,Parnaíba,Brazil,2.41S,40.98W
1940-04-01,27.139,Parnaíba,Brazil,2.41S,40.98W
1940-05-01,27.109,Parnaíba,Brazil,2.41S,40.98W
1940-06-01,26.586,Parnaíba,Brazil,2.41S,40.98W
1940-07-01,26.483,Parnaíba,Brazil,2.41S,40.98W
1940-08-01,26.845,Parnaíba,Brazil,2.41S,40.98W
1940-09-01,27.451,Parnaíba,Brazil,2.41S,40.98W
1940-10-01,27.667,Parnaíba,Brazil,2.41S,40.98W
1940-11-01,28.151999999999997,Parnaíba,Brazil,2.41S,40.98W
1940-12-01,28.614,Parnaíba,Brazil,2.41S,40.98W
1941-01-01,28.186,Parnaíba,Brazil,2.41S,40.98W
1941-02-01,27.85,Parnaíba,Brazil,2.41S,40.98W
1941-03-01,27.427,Parnaíba,Brazil,2.41S,40.98W
1941-04-01,27.85,Parnaíba,Brazil,2.41S,40.98W
1941-05-01,27.989,Parnaíba,Brazil,2.41S,40.98W
1941-06-01,28.114,Parnaíba,Brazil,2.41S,40.98W
1941-07-01,27.458,Parnaíba,Brazil,2.41S,40.98W
1941-08-01,27.445,Parnaíba,Brazil,2.41S,40.98W
1941-09-01,27.607000000000006,Parnaíba,Brazil,2.41S,40.98W
1941-10-01,28.002,Parnaíba,Brazil,2.41S,40.98W
1941-11-01,28.196,Parnaíba,Brazil,2.41S,40.98W
1941-12-01,28.41200000000001,Parnaíba,Brazil,2.41S,40.98W
1942-01-01,28.311,Parnaíba,Brazil,2.41S,40.98W
1942-02-01,27.581999999999997,Parnaíba,Brazil,2.41S,40.98W
1942-03-01,28.176,Parnaíba,Brazil,2.41S,40.98W
1942-04-01,28.421999999999997,Parnaíba,Brazil,2.41S,40.98W
1942-05-01,28.483,Parnaíba,Brazil,2.41S,40.98W
1942-06-01,28.093000000000004,Parnaíba,Brazil,2.41S,40.98W
1942-07-01,27.48,Parnaíba,Brazil,2.41S,40.98W
1942-08-01,27.13,Parnaíba,Brazil,2.41S,40.98W
1942-09-01,27.674,Parnaíba,Brazil,2.41S,40.98W
1942-10-01,27.882,Parnaíba,Brazil,2.41S,40.98W
1942-11-01,28.366999999999997,Parnaíba,Brazil,2.41S,40.98W
1942-12-01,27.726999999999997,Parnaíba,Brazil,2.41S,40.98W
1943-01-01,27.731,Parnaíba,Brazil,2.41S,40.98W
1943-02-01,27.597,Parnaíba,Brazil,2.41S,40.98W
1943-03-01,27.101,Parnaíba,Brazil,2.41S,40.98W
1943-04-01,27.16,Parnaíba,Brazil,2.41S,40.98W
1943-05-01,27.729,Parnaíba,Brazil,2.41S,40.98W
1943-06-01,27.622,Parnaíba,Brazil,2.41S,40.98W
1943-07-01,27.318,Parnaíba,Brazil,2.41S,40.98W
1943-08-01,27.136,Parnaíba,Brazil,2.41S,40.98W
1943-09-01,27.001,Parnaíba,Brazil,2.41S,40.98W
1943-10-01,27.209,Parnaíba,Brazil,2.41S,40.98W
1943-11-01,27.46,Parnaíba,Brazil,2.41S,40.98W
1943-12-01,27.295,Parnaíba,Brazil,2.41S,40.98W
1944-01-01,26.872,Parnaíba,Brazil,2.41S,40.98W
1944-02-01,27.46,Parnaíba,Brazil,2.41S,40.98W
1944-03-01,27.184,Parnaíba,Brazil,2.41S,40.98W
1944-04-01,26.893,Parnaíba,Brazil,2.41S,40.98W
1944-05-01,26.959,Parnaíba,Brazil,2.41S,40.98W
1944-06-01,27.173,Parnaíba,Brazil,2.41S,40.98W
1944-07-01,26.798,Parnaíba,Brazil,2.41S,40.98W
1944-08-01,26.699,Parnaíba,Brazil,2.41S,40.98W
1944-09-01,27.124,Parnaíba,Brazil,2.41S,40.98W
1944-10-01,27.461,Parnaíba,Brazil,2.41S,40.98W
1944-11-01,28.016,Parnaíba,Brazil,2.41S,40.98W
1944-12-01,27.75500000000001,Parnaíba,Brazil,2.41S,40.98W
1945-01-01,27.486,Parnaíba,Brazil,2.41S,40.98W
1945-02-01,26.264,Parnaíba,Brazil,2.41S,40.98W
1945-03-01,27.421,Parnaíba,Brazil,2.41S,40.98W
1945-04-01,27.17,Parnaíba,Brazil,2.41S,40.98W
1945-05-01,27.167,Parnaíba,Brazil,2.41S,40.98W
1945-06-01,26.973000000000003,Parnaíba,Brazil,2.41S,40.98W
1945-07-01,26.726,Parnaíba,Brazil,2.41S,40.98W
1945-08-01,27.088,Parnaíba,Brazil,2.41S,40.98W
1945-09-01,27.045,Parnaíba,Brazil,2.41S,40.98W
1945-10-01,27.387,Parnaíba,Brazil,2.41S,40.98W
1945-11-01,28.111,Parnaíba,Brazil,2.41S,40.98W
1945-12-01,28.064,Parnaíba,Brazil,2.41S,40.98W
1946-01-01,26.647,Parnaíba,Brazil,2.41S,40.98W
1946-02-01,26.65,Parnaíba,Brazil,2.41S,40.98W
1946-03-01,27.009,Parnaíba,Brazil,2.41S,40.98W
1946-04-01,27.313,Parnaíba,Brazil,2.41S,40.98W
1946-05-01,27.809,Parnaíba,Brazil,2.41S,40.98W
1946-06-01,27.746,Parnaíba,Brazil,2.41S,40.98W
1946-07-01,27.604,Parnaíba,Brazil,2.41S,40.98W
1946-08-01,27.601,Parnaíba,Brazil,2.41S,40.98W
1946-09-01,27.413,Parnaíba,Brazil,2.41S,40.98W
1946-10-01,27.333,Parnaíba,Brazil,2.41S,40.98W
1946-11-01,27.998,Parnaíba,Brazil,2.41S,40.98W
1946-12-01,27.712,Parnaíba,Brazil,2.41S,40.98W
1947-01-01,27.515,Parnaíba,Brazil,2.41S,40.98W
1947-02-01,27.126,Parnaíba,Brazil,2.41S,40.98W
1947-03-01,26.502,Parnaíba,Brazil,2.41S,40.98W
1947-04-01,26.892,Parnaíba,Brazil,2.41S,40.98W
1947-05-01,26.876,Parnaíba,Brazil,2.41S,40.98W
1947-06-01,26.976,Parnaíba,Brazil,2.41S,40.98W
1947-07-01,26.924,Parnaíba,Brazil,2.41S,40.98W
1947-08-01,28.151999999999997,Parnaíba,Brazil,2.41S,40.98W
1947-09-01,27.443,Parnaíba,Brazil,2.41S,40.98W
1947-10-01,27.999,Parnaíba,Brazil,2.41S,40.98W
1947-11-01,28.04,Parnaíba,Brazil,2.41S,40.98W
1947-12-01,27.655,Parnaíba,Brazil,2.41S,40.98W
1948-01-01,27.662,Parnaíba,Brazil,2.41S,40.98W
1948-02-01,27.673,Parnaíba,Brazil,2.41S,40.98W
1948-03-01,26.98,Parnaíba,Brazil,2.41S,40.98W
1948-04-01,27.092,Parnaíba,Brazil,2.41S,40.98W
1948-05-01,27.031999999999996,Parnaíba,Brazil,2.41S,40.98W
1948-06-01,26.842,Parnaíba,Brazil,2.41S,40.98W
1948-07-01,26.756,Parnaíba,Brazil,2.41S,40.98W
1948-08-01,27.038,Parnaíba,Brazil,2.41S,40.98W
1948-09-01,27.406999999999996,Parnaíba,Brazil,2.41S,40.98W
1948-10-01,27.674,Parnaíba,Brazil,2.41S,40.98W
1948-11-01,28.124,Parnaíba,Brazil,2.41S,40.98W
1948-12-01,28.166,Parnaíba,Brazil,2.41S,40.98W
1949-01-01,27.749,Parnaíba,Brazil,2.41S,40.98W
1949-02-01,27.268,Parnaíba,Brazil,2.41S,40.98W
1949-03-01,27.183000000000003,Parnaíba,Brazil,2.41S,40.98W
1949-04-01,27.136999999999997,Parnaíba,Brazil,2.41S,40.98W
1949-05-01,26.930999999999997,Parnaíba,Brazil,2.41S,40.98W
1949-06-01,26.945,Parnaíba,Brazil,2.41S,40.98W
1949-07-01,26.69,Parnaíba,Brazil,2.41S,40.98W
1949-08-01,26.988000000000003,Parnaíba,Brazil,2.41S,40.98W
1949-09-01,27.462,Parnaíba,Brazil,2.41S,40.98W
1949-10-01,27.666,Parnaíba,Brazil,2.41S,40.98W
1949-11-01,28.16,Parnaíba,Brazil,2.41S,40.98W
1949-12-01,27.882,Parnaíba,Brazil,2.41S,40.98W
1950-01-01,27.706,Parnaíba,Brazil,2.41S,40.98W
1950-02-01,27.534,Parnaíba,Brazil,2.41S,40.98W
1950-03-01,26.894,Parnaíba,Brazil,2.41S,40.98W
1950-04-01,26.658,Parnaíba,Brazil,2.41S,40.98W
1950-05-01,26.778,Parnaíba,Brazil,2.41S,40.98W
1950-06-01,26.844,Parnaíba,Brazil,2.41S,40.98W
1950-07-01,26.498,Parnaíba,Brazil,2.41S,40.98W
1950-08-01,26.671,Parnaíba,Brazil,2.41S,40.98W
1950-09-01,27.06900000000001,Parnaíba,Brazil,2.41S,40.98W
1950-10-01,27.277,Parnaíba,Brazil,2.41S,40.98W
1950-11-01,28.094,Parnaíba,Brazil,2.41S,40.98W
1950-12-01,27.873,Parnaíba,Brazil,2.41S,40.98W
1951-01-01,27.693,Parnaíba,Brazil,2.41S,40.98W
1951-02-01,28.121,Parnaíba,Brazil,2.41S,40.98W
1951-03-01,28.746,Parnaíba,Brazil,2.41S,40.98W
1951-04-01,27.486,Parnaíba,Brazil,2.41S,40.98W
1951-05-01,27.61,Parnaíba,Brazil,2.41S,40.98W
1951-06-01,26.943,Parnaíba,Brazil,2.41S,40.98W
1951-07-01,26.968000000000004,Parnaíba,Brazil,2.41S,40.98W
1951-08-01,27.421,Parnaíba,Brazil,2.41S,40.98W
1951-09-01,27.644,Parnaíba,Brazil,2.41S,40.98W
1951-10-01,27.889,Parnaíba,Brazil,2.41S,40.98W
1951-11-01,28.447,Parnaíba,Brazil,2.41S,40.98W
1951-12-01,28.272,Parnaíba,Brazil,2.41S,40.98W
1952-01-01,28.369,Parnaíba,Brazil,2.41S,40.98W
1952-02-01,27.973000000000003,Parnaíba,Brazil,2.41S,40.98W
1952-03-01,27.555,Parnaíba,Brazil,2.41S,40.98W
1952-04-01,27.17,Parnaíba,Brazil,2.41S,40.98W
1952-05-01,27.119,Parnaíba,Brazil,2.41S,40.98W
1952-06-01,27.504,Parnaíba,Brazil,2.41S,40.98W
1952-07-01,27.076,Parnaíba,Brazil,2.41S,40.98W
1952-08-01,27.116,Parnaíba,Brazil,2.41S,40.98W
1952-09-01,27.187,Parnaíba,Brazil,2.41S,40.98W
1952-10-01,27.516,Parnaíba,Brazil,2.41S,40.98W
1952-11-01,28.211,Parnaíba,Brazil,2.41S,40.98W
1952-12-01,28.214,Parnaíba,Brazil,2.41S,40.98W
1953-01-01,28.159,Parnaíba,Brazil,2.41S,40.98W
1953-02-01,28.06,Parnaíba,Brazil,2.41S,40.98W
1953-03-01,28.107,Parnaíba,Brazil,2.41S,40.98W
1953-04-01,27.643,Parnaíba,Brazil,2.41S,40.98W
1953-05-01,27.756,Parnaíba,Brazil,2.41S,40.98W
1953-06-01,27.124,Parnaíba,Brazil,2.41S,40.98W
1953-07-01,26.968000000000004,Parnaíba,Brazil,2.41S,40.98W
1953-08-01,27.377,Parnaíba,Brazil,2.41S,40.98W
1953-09-01,27.60100000000001,Parnaíba,Brazil,2.41S,40.98W
1953-10-01,27.755,Parnaíba,Brazil,2.41S,40.98W
1953-11-01,28.571,Parnaíba,Brazil,2.41S,40.98W
1953-12-01,28.401999999999997,Parnaíba,Brazil,2.41S,40.98W
1954-01-01,27.872,Parnaíba,Brazil,2.41S,40.98W
1954-02-01,27.396,Parnaíba,Brazil,2.41S,40.98W
1954-03-01,27.446,Parnaíba,Brazil,2.41S,40.98W
1954-04-01,27.988000000000003,Parnaíba,Brazil,2.41S,40.98W
1954-05-01,27.357,Parnaíba,Brazil,2.41S,40.98W
1954-06-01,27.025,Parnaíba,Brazil,2.41S,40.98W
1954-07-01,26.984,Parnaíba,Brazil,2.41S,40.98W
1954-08-01,27.001,Parnaíba,Brazil,2.41S,40.98W
1954-09-01,27.268,Parnaíba,Brazil,2.41S,40.98W
1954-10-01,27.734,Parnaíba,Brazil,2.41S,40.98W
1954-11-01,28.078000000000003,Parnaíba,Brazil,2.41S,40.98W
1954-12-01,28.491999999999997,Parnaíba,Brazil,2.41S,40.98W
1955-01-01,27.736,Parnaíba,Brazil,2.41S,40.98W
1955-02-01,27.323,Parnaíba,Brazil,2.41S,40.98W
1955-03-01,27.754,Parnaíba,Brazil,2.41S,40.98W
1955-04-01,27.13,Parnaíba,Brazil,2.41S,40.98W
1955-05-01,27.156,Parnaíba,Brazil,2.41S,40.98W
1955-06-01,27.177,Parnaíba,Brazil,2.41S,40.98W
1955-07-01,26.947,Parnaíba,Brazil,2.41S,40.98W
1955-08-01,26.88,Parnaíba,Brazil,2.41S,40.98W
1955-09-01,27.327,Parnaíba,Brazil,2.41S,40.98W
1955-10-01,27.371,Parnaíba,Brazil,2.41S,40.98W
1955-11-01,28.341,Parnaíba,Brazil,2.41S,40.98W
1955-12-01,27.691999999999997,Parnaíba,Brazil,2.41S,40.98W
1956-01-01,27.77,Parnaíba,Brazil,2.41S,40.98W
1956-02-01,26.986,Parnaíba,Brazil,2.41S,40.98W
1956-03-01,27.542,Parnaíba,Brazil,2.41S,40.98W
1956-04-01,27.17,Parnaíba,Brazil,2.41S,40.98W
1956-05-01,27.829,Parnaíba,Brazil,2.41S,40.98W
1956-06-01,27.31,Parnaíba,Brazil,2.41S,40.98W
1956-07-01,26.899,Parnaíba,Brazil,2.41S,40.98W
1956-08-01,26.866,Parnaíba,Brazil,2.41S,40.98W
1956-09-01,27.257,Parnaíba,Brazil,2.41S,40.98W
1956-10-01,27.675,Parnaíba,Brazil,2.41S,40.98W
1956-11-01,27.968000000000004,Parnaíba,Brazil,2.41S,40.98W
1956-12-01,27.854000000000006,Parnaíba,Brazil,2.41S,40.98W
1957-01-01,27.307,Parnaíba,Brazil,2.41S,40.98W
1957-02-01,27.88,Parnaíba,Brazil,2.41S,40.98W
1957-03-01,26.912,Parnaíba,Brazil,2.41S,40.98W
1957-04-01,26.859,Parnaíba,Brazil,2.41S,40.98W
1957-05-01,27.574,Parnaíba,Brazil,2.41S,40.98W
1957-06-01,27.56,Parnaíba,Brazil,2.41S,40.98W
1957-07-01,27.131,Parnaíba,Brazil,2.41S,40.98W
1957-08-01,27.237,Parnaíba,Brazil,2.41S,40.98W
1957-09-01,27.322000000000006,Parnaíba,Brazil,2.41S,40.98W
1957-10-01,27.474,Parnaíba,Brazil,2.41S,40.98W
1957-11-01,28.401,Parnaíba,Brazil,2.41S,40.98W
1957-12-01,28.572000000000006,Parnaíba,Brazil,2.41S,40.98W
1958-01-01,28.427,Parnaíba,Brazil,2.41S,40.98W
1958-02-01,28.425,Parnaíba,Brazil,2.41S,40.98W
1958-03-01,28.696,Parnaíba,Brazil,2.41S,40.98W
1958-04-01,28.528,Parnaíba,Brazil,2.41S,40.98W
1958-05-01,28.357,Parnaíba,Brazil,2.41S,40.98W
1958-06-01,27.915,Parnaíba,Brazil,2.41S,40.98W
1958-07-01,27.699,Parnaíba,Brazil,2.41S,40.98W
1958-08-01,27.427,Parnaíba,Brazil,2.41S,40.98W
1958-09-01,27.467,Parnaíba,Brazil,2.41S,40.98W
1958-10-01,27.871,Parnaíba,Brazil,2.41S,40.98W
1958-11-01,28.501,Parnaíba,Brazil,2.41S,40.98W
1958-12-01,28.251,Parnaíba,Brazil,2.41S,40.98W
1959-01-01,27.789,Parnaíba,Brazil,2.41S,40.98W
1959-02-01,26.948,Parnaíba,Brazil,2.41S,40.98W
1959-03-01,27.446,Parnaíba,Brazil,2.41S,40.98W
1959-04-01,27.446,Parnaíba,Brazil,2.41S,40.98W
1959-05-01,27.401999999999997,Parnaíba,Brazil,2.41S,40.98W
1959-06-01,27.536,Parnaíba,Brazil,2.41S,40.98W
1959-07-01,26.74,Parnaíba,Brazil,2.41S,40.98W
1959-08-01,27.118,Parnaíba,Brazil,2.41S,40.98W
1959-09-01,27.394,Parnaíba,Brazil,2.41S,40.98W
1959-10-01,27.756,Parnaíba,Brazil,2.41S,40.98W
1959-11-01,28.173,Parnaíba,Brazil,2.41S,40.98W
1959-12-01,28.097,Parnaíba,Brazil,2.41S,40.98W
1960-01-01,28.064,Parnaíba,Brazil,2.41S,40.98W
1960-02-01,28.17,Parnaíba,Brazil,2.41S,40.98W
1960-03-01,26.434,Parnaíba,Brazil,2.41S,40.98W
1960-04-01,27.366999999999997,Parnaíba,Brazil,2.41S,40.98W
1960-05-01,27.641,Parnaíba,Brazil,2.41S,40.98W
1960-06-01,27.134,Parnaíba,Brazil,2.41S,40.98W
1960-07-01,27.073,Parnaíba,Brazil,2.41S,40.98W
1960-08-01,27.228,Parnaíba,Brazil,2.41S,40.98W
1960-09-01,27.467,Parnaíba,Brazil,2.41S,40.98W
1960-10-01,27.914,Parnaíba,Brazil,2.41S,40.98W
1960-11-01,28.342,Parnaíba,Brazil,2.41S,40.98W
1960-12-01,28.315,Parnaíba,Brazil,2.41S,40.98W
1961-01-01,27.855,Parnaíba,Brazil,2.41S,40.98W
1961-02-01,26.243,Parnaíba,Brazil,2.41S,40.98W
1961-03-01,27.125,Parnaíba,Brazil,2.41S,40.98W
1961-04-01,26.995,Parnaíba,Brazil,2.41S,40.98W
1961-05-01,27.361,Parnaíba,Brazil,2.41S,40.98W
1961-06-01,27.257,Parnaíba,Brazil,2.41S,40.98W
1961-07-01,26.834,Parnaíba,Brazil,2.41S,40.98W
1961-08-01,27.351,Parnaíba,Brazil,2.41S,40.98W
1961-09-01,27.744,Parnaíba,Brazil,2.41S,40.98W
1961-10-01,28.278,Parnaíba,Brazil,2.41S,40.98W
1961-11-01,28.641,Parnaíba,Brazil,2.41S,40.98W
1961-12-01,28.225,Parnaíba,Brazil,2.41S,40.98W
1962-01-01,28.024,Parnaíba,Brazil,2.41S,40.98W
1962-02-01,27.75,Parnaíba,Brazil,2.41S,40.98W
1962-03-01,27.275,Parnaíba,Brazil,2.41S,40.98W
1962-04-01,27.222,Parnaíba,Brazil,2.41S,40.98W
1962-05-01,27.765,Parnaíba,Brazil,2.41S,40.98W
1962-06-01,27.583,Parnaíba,Brazil,2.41S,40.98W
1962-07-01,27.429,Parnaíba,Brazil,2.41S,40.98W
1962-08-01,27.878,Parnaíba,Brazil,2.41S,40.98W
1962-09-01,27.91200000000001,Parnaíba,Brazil,2.41S,40.98W
1962-10-01,28.268,Parnaíba,Brazil,2.41S,40.98W
1962-11-01,28.234,Parnaíba,Brazil,2.41S,40.98W
1962-12-01,28.362,Parnaíba,Brazil,2.41S,40.98W
1963-01-01,27.212,Parnaíba,Brazil,2.41S,40.98W
1963-02-01,26.865,Parnaíba,Brazil,2.41S,40.98W
1963-03-01,26.521,Parnaíba,Brazil,2.41S,40.98W
1963-04-01,27.098000000000003,Parnaíba,Brazil,2.41S,40.98W
1963-05-01,27.487,Parnaíba,Brazil,2.41S,40.98W
1963-06-01,27.486,Parnaíba,Brazil,2.41S,40.98W
1963-07-01,27.105,Parnaíba,Brazil,2.41S,40.98W
1963-08-01,27.326,Parnaíba,Brazil,2.41S,40.98W
1963-09-01,27.511999999999997,Parnaíba,Brazil,2.41S,40.98W
1963-10-01,28.179,Parnaíba,Brazil,2.41S,40.98W
1963-11-01,29.108,Parnaíba,Brazil,2.41S,40.98W
1963-12-01,27.874,Parnaíba,Brazil,2.41S,40.98W
1964-01-01,26.702,Parnaíba,Brazil,2.41S,40.98W
1964-02-01,26.203000000000003,Parnaíba,Brazil,2.41S,40.98W
1964-03-01,26.771,Parnaíba,Brazil,2.41S,40.98W
1964-04-01,26.689,Parnaíba,Brazil,2.41S,40.98W
1964-05-01,27.195,Parnaíba,Brazil,2.41S,40.98W
1964-06-01,26.874,Parnaíba,Brazil,2.41S,40.98W
1964-07-01,26.701,Parnaíba,Brazil,2.41S,40.98W
1964-08-01,27.144,Parnaíba,Brazil,2.41S,40.98W
1964-09-01,27.235,Parnaíba,Brazil,2.41S,40.98W
1964-10-01,27.447,Parnaíba,Brazil,2.41S,40.98W
1964-11-01,28.258000000000003,Parnaíba,Brazil,2.41S,40.98W
1964-12-01,28.19,Parnaíba,Brazil,2.41S,40.98W
1965-01-01,27.356,Parnaíba,Brazil,2.41S,40.98W
1965-02-01,27.809,Parnaíba,Brazil,2.41S,40.98W
1965-03-01,27.316,Parnaíba,Brazil,2.41S,40.98W
1965-04-01,26.403,Parnaíba,Brazil,2.41S,40.98W
1965-05-01,27.199,Parnaíba,Brazil,2.41S,40.98W
1965-06-01,26.548,Parnaíba,Brazil,2.41S,40.98W
1965-07-01,26.719,Parnaíba,Brazil,2.41S,40.98W
1965-08-01,27.577,Parnaíba,Brazil,2.41S,40.98W
1965-09-01,27.528,Parnaíba,Brazil,2.41S,40.98W
1965-10-01,27.998,Parnaíba,Brazil,2.41S,40.98W
1965-11-01,28.79,Parnaíba,Brazil,2.41S,40.98W
1965-12-01,28.531,Parnaíba,Brazil,2.41S,40.98W
1966-01-01,28.316,Parnaíba,Brazil,2.41S,40.98W
1966-02-01,27.29,Parnaíba,Brazil,2.41S,40.98W
1966-03-01,27.745,Parnaíba,Brazil,2.41S,40.98W
1966-04-01,27.586,Parnaíba,Brazil,2.41S,40.98W
1966-05-01,27.659,Parnaíba,Brazil,2.41S,40.98W
1966-06-01,27.166,Parnaíba,Brazil,2.41S,40.98W
1966-07-01,26.885,Parnaíba,Brazil,2.41S,40.98W
1966-08-01,27.374,Parnaíba,Brazil,2.41S,40.98W
1966-09-01,27.718000000000004,Parnaíba,Brazil,2.41S,40.98W
1966-10-01,28.364,Parnaíba,Brazil,2.41S,40.98W
1966-11-01,28.481,Parnaíba,Brazil,2.41S,40.98W
1966-12-01,28.813,Parnaíba,Brazil,2.41S,40.98W
1967-01-01,28.093000000000004,Parnaíba,Brazil,2.41S,40.98W
1967-02-01,26.621,Parnaíba,Brazil,2.41S,40.98W
1967-03-01,26.423,Parnaíba,Brazil,2.41S,40.98W
1967-04-01,26.934,Parnaíba,Brazil,2.41S,40.98W
1967-05-01,27.432,Parnaíba,Brazil,2.41S,40.98W
1967-06-01,26.661,Parnaíba,Brazil,2.41S,40.98W
1967-07-01,26.349,Parnaíba,Brazil,2.41S,40.98W
1967-08-01,26.876,Parnaíba,Brazil,2.41S,40.98W
1967-09-01,27.413,Parnaíba,Brazil,2.41S,40.98W
1967-10-01,28.048,Parnaíba,Brazil,2.41S,40.98W
1967-11-01,28.191999999999997,Parnaíba,Brazil,2.41S,40.98W
1967-12-01,28.159,Parnaíba,Brazil,2.41S,40.98W
1968-01-01,27.544,Parnaíba,Brazil,2.41S,40.98W
1968-02-01,27.235,Parnaíba,Brazil,2.41S,40.98W
1968-03-01,26.206,Parnaíba,Brazil,2.41S,40.98W
1968-04-01,27.089,Parnaíba,Brazil,2.41S,40.98W
1968-05-01,26.487,Parnaíba,Brazil,2.41S,40.98W
1968-06-01,26.704,Parnaíba,Brazil,2.41S,40.98W
1968-07-01,26.683000000000003,Parnaíba,Brazil,2.41S,40.98W
1968-08-01,27.316999999999997,Parnaíba,Brazil,2.41S,40.98W
1968-09-01,28.081,Parnaíba,Brazil,2.41S,40.98W
1968-10-01,28.464,Parnaíba,Brazil,2.41S,40.98W
1968-11-01,28.526999999999997,Parnaíba,Brazil,2.41S,40.98W
1968-12-01,28.347,Parnaíba,Brazil,2.41S,40.98W
1969-01-01,27.886999999999997,Parnaíba,Brazil,2.41S,40.98W
1969-02-01,28.275,Parnaíba,Brazil,2.41S,40.98W
1969-03-01,27.644,Parnaíba,Brazil,2.41S,40.98W
1969-04-01,27.545,Parnaíba,Brazil,2.41S,40.98W
1969-05-01,27.507,Parnaíba,Brazil,2.41S,40.98W
1969-06-01,27.065,Parnaíba,Brazil,2.41S,40.98W
1969-07-01,26.683000000000003,Parnaíba,Brazil,2.41S,40.98W
1969-08-01,27.142,Parnaíba,Brazil,2.41S,40.98W
1969-09-01,27.647,Parnaíba,Brazil,2.41S,40.98W
1969-10-01,28.118,Parnaíba,Brazil,2.41S,40.98W
1969-11-01,28.63,Parnaíba,Brazil,2.41S,40.98W
1969-12-01,28.687,Parnaíba,Brazil,2.41S,40.98W
1970-01-01,27.83,Parnaíba,Brazil,2.41S,40.98W
1970-02-01,28.088,Parnaíba,Brazil,2.41S,40.98W
1970-03-01,27.094,Parnaíba,Brazil,2.41S,40.98W
1970-04-01,27.741999999999997,Parnaíba,Brazil,2.41S,40.98W
1970-05-01,27.997,Parnaíba,Brazil,2.41S,40.98W
1970-06-01,27.83,Parnaíba,Brazil,2.41S,40.98W
1970-07-01,27.713,Parnaíba,Brazil,2.41S,40.98W
1970-08-01,27.786,Parnaíba,Brazil,2.41S,40.98W
1970-09-01,27.987,Parnaíba,Brazil,2.41S,40.98W
1970-10-01,28.351999999999997,Parnaíba,Brazil,2.41S,40.98W
1970-11-01,28.871,Parnaíba,Brazil,2.41S,40.98W
1970-12-01,29.396,Parnaíba,Brazil,2.41S,40.98W
1971-01-01,27.818,Parnaíba,Brazil,2.41S,40.98W
1971-02-01,27.138,Parnaíba,Brazil,2.41S,40.98W
1971-03-01,27.177,Parnaíba,Brazil,2.41S,40.98W
1971-04-01,26.966,Parnaíba,Brazil,2.41S,40.98W
1971-05-01,27.194000000000003,Parnaíba,Brazil,2.41S,40.98W
1971-06-01,26.854,Parnaíba,Brazil,2.41S,40.98W
1971-07-01,26.486,Parnaíba,Brazil,2.41S,40.98W
1971-08-01,27.155,Parnaíba,Brazil,2.41S,40.98W
1971-09-01,27.351999999999997,Parnaíba,Brazil,2.41S,40.98W
1971-10-01,27.46,Parnaíba,Brazil,2.41S,40.98W
1971-11-01,28.194000000000003,Parnaíba,Brazil,2.41S,40.98W
1971-12-01,28.273000000000003,Parnaíba,Brazil,2.41S,40.98W
1972-01-01,27.598000000000003,Parnaíba,Brazil,2.41S,40.98W
1972-02-01,27.494,Parnaíba,Brazil,2.41S,40.98W
1972-03-01,27.22,Parnaíba,Brazil,2.41S,40.98W
1972-04-01,27.578000000000003,Parnaíba,Brazil,2.41S,40.98W
1972-05-01,27.632,Parnaíba,Brazil,2.41S,40.98W
1972-06-01,27.351999999999997,Parnaíba,Brazil,2.41S,40.98W
1972-07-01,27.421999999999997,Parnaíba,Brazil,2.41S,40.98W
1972-08-01,27.248,Parnaíba,Brazil,2.41S,40.98W
1972-09-01,27.78,Parnaíba,Brazil,2.41S,40.98W
1972-10-01,28.169,Parnaíba,Brazil,2.41S,40.98W
1972-11-01,29.177,Parnaíba,Brazil,2.41S,40.98W
1972-12-01,28.866999999999997,Parnaíba,Brazil,2.41S,40.98W
1973-01-01,27.625,Parnaíba,Brazil,2.41S,40.98W
1973-02-01,27.58,Parnaíba,Brazil,2.41S,40.98W
1973-03-01,27.596,Parnaíba,Brazil,2.41S,40.98W
1973-04-01,27.17,Parnaíba,Brazil,2.41S,40.98W
1973-05-01,27.818,Parnaíba,Brazil,2.41S,40.98W
1973-06-01,27.58,Parnaíba,Brazil,2.41S,40.98W
1973-07-01,26.955,Parnaíba,Brazil,2.41S,40.98W
1973-08-01,27.318,Parnaíba,Brazil,2.41S,40.98W
1973-09-01,27.745,Parnaíba,Brazil,2.41S,40.98W
1973-10-01,28.144,Parnaíba,Brazil,2.41S,40.98W
1973-11-01,28.508000000000003,Parnaíba,Brazil,2.41S,40.98W
1973-12-01,28.139000000000006,Parnaíba,Brazil,2.41S,40.98W
1974-01-01,26.893,Parnaíba,Brazil,2.41S,40.98W
1974-02-01,26.531999999999996,Parnaíba,Brazil,2.41S,40.98W
1974-03-01,26.391,Parnaíba,Brazil,2.41S,40.98W
1974-04-01,26.237,Parnaíba,Brazil,2.41S,40.98W
1974-05-01,26.743,Parnaíba,Brazil,2.41S,40.98W
1974-06-01,26.591,Parnaíba,Brazil,2.41S,40.98W
1974-07-01,26.5,Parnaíba,Brazil,2.41S,40.98W
1974-08-01,26.989,Parnaíba,Brazil,2.41S,40.98W
1974-09-01,27.579,Parnaíba,Brazil,2.41S,40.98W
1974-10-01,27.646,Parnaíba,Brazil,2.41S,40.98W
1974-11-01,28.143,Parnaíba,Brazil,2.41S,40.98W
1974-12-01,27.696,Parnaíba,Brazil,2.41S,40.98W
1975-01-01,27.706,Parnaíba,Brazil,2.41S,40.98W
1975-02-01,27.015,Parnaíba,Brazil,2.41S,40.98W
1975-03-01,27.141,Parnaíba,Brazil,2.41S,40.98W
1975-04-01,27.539,Parnaíba,Brazil,2.41S,40.98W
1975-05-01,26.971,Parnaíba,Brazil,2.41S,40.98W
1975-06-01,27.408,Parnaíba,Brazil,2.41S,40.98W
1975-07-01,26.69,Parnaíba,Brazil,2.41S,40.98W
1975-08-01,27.127,Parnaíba,Brazil,2.41S,40.98W
1975-09-01,27.342,Parnaíba,Brazil,2.41S,40.98W
1975-10-01,27.944000000000003,Parnaíba,Brazil,2.41S,40.98W
1975-11-01,28.293000000000003,Parnaíba,Brazil,2.41S,40.98W
1975-12-01,27.861,Parnaíba,Brazil,2.41S,40.98W
1976-01-01,27.55,Parnaíba,Brazil,2.41S,40.98W
1976-02-01,26.706,Parnaíba,Brazil,2.41S,40.98W
1976-03-01,27.197,Parnaíba,Brazil,2.41S,40.98W
1976-04-01,27.355,Parnaíba,Brazil,2.41S,40.98W
1976-05-01,27.687,Parnaíba,Brazil,2.41S,40.98W
1976-06-01,27.374,Parnaíba,Brazil,2.41S,40.98W
1976-07-01,27.148000000000003,Parnaíba,Brazil,2.41S,40.98W
1976-08-01,27.107,Parnaíba,Brazil,2.41S,40.98W
1976-09-01,27.366999999999997,Parnaíba,Brazil,2.41S,40.98W
1976-10-01,27.493,Parnaíba,Brazil,2.41S,40.98W
1976-11-01,28.01,Parnaíba,Brazil,2.41S,40.98W
1976-12-01,28.333,Parnaíba,Brazil,2.41S,40.98W
1977-01-01,27.095,Parnaíba,Brazil,2.41S,40.98W
1977-02-01,27.129,Parnaíba,Brazil,2.41S,40.98W
1977-03-01,27.499,Parnaíba,Brazil,2.41S,40.98W
1977-04-01,27.543000000000003,Parnaíba,Brazil,2.41S,40.98W
1977-05-01,27.533,Parnaíba,Brazil,2.41S,40.98W
1977-06-01,27.119,Parnaíba,Brazil,2.41S,40.98W
1977-07-01,26.741,Parnaíba,Brazil,2.41S,40.98W
1977-08-01,27.007,Parnaíba,Brazil,2.41S,40.98W
1977-09-01,27.522,Parnaíba,Brazil,2.41S,40.98W
1977-10-01,27.777,Parnaíba,Brazil,2.41S,40.98W
1977-11-01,28.503,Parnaíba,Brazil,2.41S,40.98W
1977-12-01,28.031999999999996,Parnaíba,Brazil,2.41S,40.98W
1978-01-01,27.836,Parnaíba,Brazil,2.41S,40.98W
1978-02-01,27.974,Parnaíba,Brazil,2.41S,40.98W
1978-03-01,27.425,Parnaíba,Brazil,2.41S,40.98W
1978-04-01,27.468000000000004,Parnaíba,Brazil,2.41S,40.98W
1978-05-01,27.605,Parnaíba,Brazil,2.41S,40.98W
1978-06-01,26.993,Parnaíba,Brazil,2.41S,40.98W
1978-07-01,26.81900000000001,Parnaíba,Brazil,2.41S,40.98W
1978-08-01,26.872,Parnaíba,Brazil,2.41S,40.98W
1978-09-01,27.081,Parnaíba,Brazil,2.41S,40.98W
1978-10-01,27.609,Parnaíba,Brazil,2.41S,40.98W
1978-11-01,28.024,Parnaíba,Brazil,2.41S,40.98W
1978-12-01,27.696,Parnaíba,Brazil,2.41S,40.98W
1979-01-01,27.612,Parnaíba,Brazil,2.41S,40.98W
1979-02-01,27.62,Parnaíba,Brazil,2.41S,40.98W
1979-03-01,27.71,Parnaíba,Brazil,2.41S,40.98W
1979-04-01,27.914,Parnaíba,Brazil,2.41S,40.98W
1979-05-01,27.45,Parnaíba,Brazil,2.41S,40.98W
1979-06-01,26.973000000000003,Parnaíba,Brazil,2.41S,40.98W
1979-07-01,27.093000000000004,Parnaíba,Brazil,2.41S,40.98W
1979-08-01,27.106,Parnaíba,Brazil,2.41S,40.98W
1979-09-01,27.636999999999997,Parnaíba,Brazil,2.41S,40.98W
1979-10-01,28.279,Parnaíba,Brazil,2.41S,40.98W
1979-11-01,28.546,Parnaíba,Brazil,2.41S,40.98W
1979-12-01,28.448,Parnaíba,Brazil,2.41S,40.98W
1980-01-01,28.164,Parnaíba,Brazil,2.41S,40.98W
1980-02-01,26.849,Parnaíba,Brazil,2.41S,40.98W
1980-03-01,27.487,Parnaíba,Brazil,2.41S,40.98W
1980-04-01,28.342,Parnaíba,Brazil,2.41S,40.98W
1980-05-01,28.476999999999997,Parnaíba,Brazil,2.41S,40.98W
1980-06-01,27.949,Parnaíba,Brazil,2.41S,40.98W
1980-07-01,27.361,Parnaíba,Brazil,2.41S,40.98W
1980-08-01,27.526999999999997,Parnaíba,Brazil,2.41S,40.98W
1980-09-01,27.781999999999996,Parnaíba,Brazil,2.41S,40.98W
1980-10-01,28.008000000000003,Parnaíba,Brazil,2.41S,40.98W
1980-11-01,28.136999999999997,Parnaíba,Brazil,2.41S,40.98W
1980-12-01,28.311,Parnaíba,Brazil,2.41S,40.98W
1981-01-01,27.67,Parnaíba,Brazil,2.41S,40.98W
1981-02-01,28.061,Parnaíba,Brazil,2.41S,40.98W
1981-03-01,27.542,Parnaíba,Brazil,2.41S,40.98W
1981-04-01,27.903,Parnaíba,Brazil,2.41S,40.98W
1981-05-01,27.983,Parnaíba,Brazil,2.41S,40.98W
1981-06-01,27.888,Parnaíba,Brazil,2.41S,40.98W
1981-07-01,27.501,Parnaíba,Brazil,2.41S,40.98W
1981-08-01,27.612,Parnaíba,Brazil,2.41S,40.98W
1981-09-01,27.757,Parnaíba,Brazil,2.41S,40.98W
1981-10-01,28.234,Parnaíba,Brazil,2.41S,40.98W
1981-11-01,28.989,Parnaíba,Brazil,2.41S,40.98W
1981-12-01,28.59,Parnaíba,Brazil,2.41S,40.98W
1982-01-01,27.779,Parnaíba,Brazil,2.41S,40.98W
1982-02-01,27.421999999999997,Parnaíba,Brazil,2.41S,40.98W
1982-03-01,27.592,Parnaíba,Brazil,2.41S,40.98W
1982-04-01,27.604,Parnaíba,Brazil,2.41S,40.98W
1982-05-01,27.944000000000003,Parnaíba,Brazil,2.41S,40.98W
1982-06-01,27.521,Parnaíba,Brazil,2.41S,40.98W
1982-07-01,27.424,Parnaíba,Brazil,2.41S,40.98W
1982-08-01,27.558000000000003,Parnaíba,Brazil,2.41S,40.98W
1982-09-01,27.726999999999997,Parnaíba,Brazil,2.41S,40.98W
1982-10-01,27.769,Parnaíba,Brazil,2.41S,40.98W
1982-11-01,28.969,Parnaíba,Brazil,2.41S,40.98W
1982-12-01,28.847,Parnaíba,Brazil,2.41S,40.98W
1983-01-01,28.901999999999997,Parnaíba,Brazil,2.41S,40.98W
1983-02-01,28.259,Parnaíba,Brazil,2.41S,40.98W
1983-03-01,28.438,Parnaíba,Brazil,2.41S,40.98W
1983-04-01,28.675,Parnaíba,Brazil,2.41S,40.98W
1983-05-01,28.786,Parnaíba,Brazil,2.41S,40.98W
1983-06-01,28.236,Parnaíba,Brazil,2.41S,40.98W
1983-07-01,27.894,Parnaíba,Brazil,2.41S,40.98W
1983-08-01,28.045,Parnaíba,Brazil,2.41S,40.98W
1983-09-01,28.283,Parnaíba,Brazil,2.41S,40.98W
1983-10-01,28.316999999999997,Parnaíba,Brazil,2.41S,40.98W
1983-11-01,29.066999999999997,Parnaíba,Brazil,2.41S,40.98W
1983-12-01,28.873,Parnaíba,Brazil,2.41S,40.98W
1984-01-01,27.62,Parnaíba,Brazil,2.41S,40.98W
1984-02-01,27.72,Parnaíba,Brazil,2.41S,40.98W
1984-03-01,27.355,Parnaíba,Brazil,2.41S,40.98W
1984-04-01,27.034,Parnaíba,Brazil,2.41S,40.98W
1984-05-01,27.066,Parnaíba,Brazil,2.41S,40.98W
1984-06-01,27.14,Parnaíba,Brazil,2.41S,40.98W
1984-07-01,26.991999999999997,Parnaíba,Brazil,2.41S,40.98W
1984-08-01,27.201,Parnaíba,Brazil,2.41S,40.98W
1984-09-01,27.406999999999996,Parnaíba,Brazil,2.41S,40.98W
1984-10-01,28.039,Parnaíba,Brazil,2.41S,40.98W
1984-11-01,28.702,Parnaíba,Brazil,2.41S,40.98W
1984-12-01,28.658,Parnaíba,Brazil,2.41S,40.98W
1985-01-01,27.171,Parnaíba,Brazil,2.41S,40.98W
1985-02-01,26.222,Parnaíba,Brazil,2.41S,40.98W
1985-03-01,27.18,Parnaíba,Brazil,2.41S,40.98W
1985-04-01,26.732,Parnaíba,Brazil,2.41S,40.98W
1985-05-01,27.221,Parnaíba,Brazil,2.41S,40.98W
1985-06-01,27.053,Parnaíba,Brazil,2.41S,40.98W
1985-07-01,26.443,Parnaíba,Brazil,2.41S,40.98W
1985-08-01,27.05,Parnaíba,Brazil,2.41S,40.98W
1985-09-01,27.426,Parnaíba,Brazil,2.41S,40.98W
1985-10-01,27.993,Parnaíba,Brazil,2.41S,40.98W
1985-11-01,28.278,Parnaíba,Brazil,2.41S,40.98W
1985-12-01,27.221,Parnaíba,Brazil,2.41S,40.98W
1986-01-01,27.369,Parnaíba,Brazil,2.41S,40.98W
1986-02-01,26.758000000000003,Parnaíba,Brazil,2.41S,40.98W
1986-03-01,26.486,Parnaíba,Brazil,2.41S,40.98W
1986-04-01,27.021,Parnaíba,Brazil,2.41S,40.98W
1986-05-01,27.813,Parnaíba,Brazil,2.41S,40.98W
1986-06-01,26.956,Parnaíba,Brazil,2.41S,40.98W
1986-07-01,27.094,Parnaíba,Brazil,2.41S,40.98W
1986-08-01,27.15,Parnaíba,Brazil,2.41S,40.98W
1986-09-01,28.128,Parnaíba,Brazil,2.41S,40.98W
1986-10-01,27.757,Parnaíba,Brazil,2.41S,40.98W
1986-11-01,28.605,Parnaíba,Brazil,2.41S,40.98W
1986-12-01,28.421999999999997,Parnaíba,Brazil,2.41S,40.98W
1987-01-01,28.131,Parnaíba,Brazil,2.41S,40.98W
1987-02-01,27.861,Parnaíba,Brazil,2.41S,40.98W
1987-03-01,27.328000000000003,Parnaíba,Brazil,2.41S,40.98W
1987-04-01,28.185,Parnaíba,Brazil,2.41S,40.98W
1987-05-01,28.522,Parnaíba,Brazil,2.41S,40.98W
1987-06-01,27.868,Parnaíba,Brazil,2.41S,40.98W
1987-07-01,27.792,Parnaíba,Brazil,2.41S,40.98W
1987-08-01,28.063,Parnaíba,Brazil,2.41S,40.98W
1987-09-01,28.12,Parnaíba,Brazil,2.41S,40.98W
1987-10-01,28.06,Parnaíba,Brazil,2.41S,40.98W
1987-11-01,29.128,Parnaíba,Brazil,2.41S,40.98W
1987-12-01,29.257,Parnaíba,Brazil,2.41S,40.98W
1988-01-01,28.336,Parnaíba,Brazil,2.41S,40.98W
1988-02-01,28.141,Parnaíba,Brazil,2.41S,40.98W
1988-03-01,28.164,Parnaíba,Brazil,2.41S,40.98W
1988-04-01,27.496,Parnaíba,Brazil,2.41S,40.98W
1988-05-01,27.654,Parnaíba,Brazil,2.41S,40.98W
1988-06-01,27.338,Parnaíba,Brazil,2.41S,40.98W
1988-07-01,27.048,Parnaíba,Brazil,2.41S,40.98W
1988-08-01,27.725,Parnaíba,Brazil,2.41S,40.98W
1988-09-01,27.72,Parnaíba,Brazil,2.41S,40.98W
1988-10-01,28.275,Parnaíba,Brazil,2.41S,40.98W
1988-11-01,28.864,Parnaíba,Brazil,2.41S,40.98W
1988-12-01,27.935,Parnaíba,Brazil,2.41S,40.98W
1989-01-01,27.517,Parnaíba,Brazil,2.41S,40.98W
1989-02-01,27.802,Parnaíba,Brazil,2.41S,40.98W
1989-03-01,27.34,Parnaíba,Brazil,2.41S,40.98W
1989-04-01,26.809,Parnaíba,Brazil,2.41S,40.98W
1989-05-01,27.196,Parnaíba,Brazil,2.41S,40.98W
1989-06-01,27.302,Parnaíba,Brazil,2.41S,40.98W
1989-07-01,26.859,Parnaíba,Brazil,2.41S,40.98W
1989-08-01,27.13,Parnaíba,Brazil,2.41S,40.98W
1989-09-01,27.605,Parnaíba,Brazil,2.41S,40.98W
1989-10-01,28.319000000000003,Parnaíba,Brazil,2.41S,40.98W
1989-11-01,28.816999999999997,Parnaíba,Brazil,2.41S,40.98W
1989-12-01,28.18,Parnaíba,Brazil,2.41S,40.98W
1990-01-01,28.007,Parnaíba,Brazil,2.41S,40.98W
1990-02-01,27.54,Parnaíba,Brazil,2.41S,40.98W
1990-03-01,28.215,Parnaíba,Brazil,2.41S,40.98W
1990-04-01,28.265,Parnaíba,Brazil,2.41S,40.98W
1990-05-01,28.175,Parnaíba,Brazil,2.41S,40.98W
1990-06-01,27.953000000000003,Parnaíba,Brazil,2.41S,40.98W
1990-07-01,27.413,Parnaíba,Brazil,2.41S,40.98W
1990-08-01,27.763,Parnaíba,Brazil,2.41S,40.98W
1990-09-01,28.004,Parnaíba,Brazil,2.41S,40.98W
1990-10-01,28.424,Parnaíba,Brazil,2.41S,40.98W
1990-11-01,28.914,Parnaíba,Brazil,2.41S,40.98W
1990-12-01,28.636000000000006,Parnaíba,Brazil,2.41S,40.98W
1991-01-01,27.866999999999997,Parnaíba,Brazil,2.41S,40.98W
1991-02-01,27.763,Parnaíba,Brazil,2.41S,40.98W
1991-03-01,27.401,Parnaíba,Brazil,2.41S,40.98W
1991-04-01,27.721,Parnaíba,Brazil,2.41S,40.98W
1991-05-01,27.81,Parnaíba,Brazil,2.41S,40.98W
1991-06-01,27.948,Parnaíba,Brazil,2.41S,40.98W
1991-07-01,27.078000000000003,Parnaíba,Brazil,2.41S,40.98W
1991-08-01,27.153,Parnaíba,Brazil,2.41S,40.98W
1991-09-01,27.746,Parnaíba,Brazil,2.41S,40.98W
1991-10-01,27.923,Parnaíba,Brazil,2.41S,40.98W
1991-11-01,28.49,Parnaíba,Brazil,2.41S,40.98W
1991-12-01,28.68,Parnaíba,Brazil,2.41S,40.98W
1992-01-01,28.503,Parnaíba,Brazil,2.41S,40.98W
1992-02-01,27.921999999999997,Parnaíba,Brazil,2.41S,40.98W
1992-03-01,27.64,Parnaíba,Brazil,2.41S,40.98W
1992-04-01,28.1,Parnaíba,Brazil,2.41S,40.98W
1992-05-01,28.584,Parnaíba,Brazil,2.41S,40.98W
1992-06-01,28.015,Parnaíba,Brazil,2.41S,40.98W
1992-07-01,27.373,Parnaíba,Brazil,2.41S,40.98W
1992-08-01,27.014,Parnaíba,Brazil,2.41S,40.98W
1992-09-01,27.796,Parnaíba,Brazil,2.41S,40.98W
1992-10-01,28.014,Parnaíba,Brazil,2.41S,40.98W
1992-11-01,28.674,Parnaíba,Brazil,2.41S,40.98W
1992-12-01,28.680999999999997,Parnaíba,Brazil,2.41S,40.98W
1993-01-01,28.394,Parnaíba,Brazil,2.41S,40.98W
1993-02-01,28.276999999999997,Parnaíba,Brazil,2.41S,40.98W
1993-03-01,28.5,Parnaíba,Brazil,2.41S,40.98W
1993-04-01,28.285,Parnaíba,Brazil,2.41S,40.98W
1993-05-01,28.658,Parnaíba,Brazil,2.41S,40.98W
1993-06-01,28.52,Parnaíba,Brazil,2.41S,40.98W
1993-07-01,27.85,Parnaíba,Brazil,2.41S,40.98W
1993-08-01,28.103,Parnaíba,Brazil,2.41S,40.98W
1993-09-01,28.368,Parnaíba,Brazil,2.41S,40.98W
1993-10-01,28.84,Parnaíba,Brazil,2.41S,40.98W
1993-11-01,29.269,Parnaíba,Brazil,2.41S,40.98W
1993-12-01,29.26,Parnaíba,Brazil,2.41S,40.98W
1994-01-01,27.743,Parnaíba,Brazil,2.41S,40.98W
1994-02-01,27.775,Parnaíba,Brazil,2.41S,40.98W
1994-03-01,27.456999999999997,Parnaíba,Brazil,2.41S,40.98W
1994-04-01,27.515,Parnaíba,Brazil,2.41S,40.98W
1994-05-01,28.081,Parnaíba,Brazil,2.41S,40.98W
1994-06-01,27.53,Parnaíba,Brazil,2.41S,40.98W
1994-07-01,27.28,Parnaíba,Brazil,2.41S,40.98W
1994-08-01,27.726,Parnaíba,Brazil,2.41S,40.98W
1994-09-01,28.198,Parnaíba,Brazil,2.41S,40.98W
1994-10-01,28.525,Parnaíba,Brazil,2.41S,40.98W
1994-11-01,29.006,Parnaíba,Brazil,2.41S,40.98W
1994-12-01,29.004,Parnaíba,Brazil,2.41S,40.98W
1995-01-01,28.066999999999997,Parnaíba,Brazil,2.41S,40.98W
1995-02-01,27.741,Parnaíba,Brazil,2.41S,40.98W
1995-03-01,27.855,Parnaíba,Brazil,2.41S,40.98W
1995-04-01,27.548,Parnaíba,Brazil,2.41S,40.98W
1995-05-01,27.845,Parnaíba,Brazil,2.41S,40.98W
1995-06-01,28.069000000000003,Parnaíba,Brazil,2.41S,40.98W
1995-07-01,27.478,Parnaíba,Brazil,2.41S,40.98W
1995-08-01,27.745,Parnaíba,Brazil,2.41S,40.98W
1995-09-01,28.06,Parnaíba,Brazil,2.41S,40.98W
1995-10-01,28.541,Parnaíba,Brazil,2.41S,40.98W
1995-11-01,28.743,Parnaíba,Brazil,2.41S,40.98W
1995-12-01,28.916,Parnaíba,Brazil,2.41S,40.98W
1996-01-01,27.976,Parnaíba,Brazil,2.41S,40.98W
1996-02-01,28.097,Parnaíba,Brazil,2.41S,40.98W
1996-03-01,27.506,Parnaíba,Brazil,2.41S,40.98W
1996-04-01,27.676,Parnaíba,Brazil,2.41S,40.98W
1996-05-01,28.178,Parnaíba,Brazil,2.41S,40.98W
1996-06-01,27.996,Parnaíba,Brazil,2.41S,40.98W
1996-07-01,27.714,Parnaíba,Brazil,2.41S,40.98W
1996-08-01,27.774,Parnaíba,Brazil,2.41S,40.98W
1996-09-01,28.198,Parnaíba,Brazil,2.41S,40.98W
1996-10-01,28.504,Parnaíba,Brazil,2.41S,40.98W
1996-11-01,28.894,Parnaíba,Brazil,2.41S,40.98W
1996-12-01,29.099,Parnaíba,Brazil,2.41S,40.98W
1997-01-01,28.545,Parnaíba,Brazil,2.41S,40.98W
1997-02-01,28.535,Parnaíba,Brazil,2.41S,40.98W
1997-03-01,28.321,Parnaíba,Brazil,2.41S,40.98W
1997-04-01,27.784,Parnaíba,Brazil,2.41S,40.98W
1997-05-01,28.018,Parnaíba,Brazil,2.41S,40.98W
1997-06-01,28.159,Parnaíba,Brazil,2.41S,40.98W
1997-07-01,27.873,Parnaíba,Brazil,2.41S,40.98W
1997-08-01,28.02,Parnaíba,Brazil,2.41S,40.98W
1997-09-01,28.236,Parnaíba,Brazil,2.41S,40.98W
1997-10-01,28.701,Parnaíba,Brazil,2.41S,40.98W
1997-11-01,29.09,Parnaíba,Brazil,2.41S,40.98W
1997-12-01,29.252,Parnaíba,Brazil,2.41S,40.98W
1998-01-01,28.42,Parnaíba,Brazil,2.41S,40.98W
1998-02-01,29.471,Parnaíba,Brazil,2.41S,40.98W
1998-03-01,28.934,Parnaíba,Brazil,2.41S,40.98W
1998-04-01,29.437,Parnaíba,Brazil,2.41S,40.98W
1998-05-01,29.552,Parnaíba,Brazil,2.41S,40.98W
1998-06-01,29.222,Parnaíba,Brazil,2.41S,40.98W
1998-07-01,28.787,Parnaíba,Brazil,2.41S,40.98W
1998-08-01,28.625,Parnaíba,Brazil,2.41S,40.98W
1998-09-01,28.905,Parnaíba,Brazil,2.41S,40.98W
1998-10-01,29.083,Parnaíba,Brazil,2.41S,40.98W
1998-11-01,29.403,Parnaíba,Brazil,2.41S,40.98W
1998-12-01,29.06600000000001,Parnaíba,Brazil,2.41S,40.98W
1999-01-01,28.5,Parnaíba,Brazil,2.41S,40.98W
1999-02-01,28.180999999999997,Parnaíba,Brazil,2.41S,40.98W
1999-03-01,27.592,Parnaíba,Brazil,2.41S,40.98W
1999-04-01,27.893,Parnaíba,Brazil,2.41S,40.98W
1999-05-01,27.703000000000003,Parnaíba,Brazil,2.41S,40.98W
1999-06-01,27.958,Parnaíba,Brazil,2.41S,40.98W
1999-07-01,27.674,Parnaíba,Brazil,2.41S,40.98W
1999-08-01,27.894,Parnaíba,Brazil,2.41S,40.98W
1999-09-01,28.206999999999997,Parnaíba,Brazil,2.41S,40.98W
1999-10-01,28.281,Parnaíba,Brazil,2.41S,40.98W
1999-11-01,28.981,Parnaíba,Brazil,2.41S,40.98W
1999-12-01,28.626,Parnaíba,Brazil,2.41S,40.98W
2000-01-01,27.715,Parnaíba,Brazil,2.41S,40.98W
2000-02-01,27.553,Parnaíba,Brazil,2.41S,40.98W
2000-03-01,28.268,Parnaíba,Brazil,2.41S,40.98W
2000-04-01,27.679,Parnaíba,Brazil,2.41S,40.98W
2000-05-01,28.188,Parnaíba,Brazil,2.41S,40.98W
2000-06-01,28.007,Parnaíba,Brazil,2.41S,40.98W
2000-07-01,27.466,Parnaíba,Brazil,2.41S,40.98W
2000-08-01,27.685,Parnaíba,Brazil,2.41S,40.98W
2000-09-01,27.991,Parnaíba,Brazil,2.41S,40.98W
2000-10-01,28.291,Parnaíba,Brazil,2.41S,40.98W
2000-11-01,28.741999999999997,Parnaíba,Brazil,2.41S,40.98W
2000-12-01,28.368,Parnaíba,Brazil,2.41S,40.98W
2001-01-01,27.688,Parnaíba,Brazil,2.41S,40.98W
2001-02-01,27.702,Parnaíba,Brazil,2.41S,40.98W
2001-03-01,28.026999999999997,Parnaíba,Brazil,2.41S,40.98W
2001-04-01,27.355,Parnaíba,Brazil,2.41S,40.98W
2001-05-01,28.356,Parnaíba,Brazil,2.41S,40.98W
2001-06-01,27.87,Parnaíba,Brazil,2.41S,40.98W
2001-07-01,27.603,Parnaíba,Brazil,2.41S,40.98W
2001-08-01,27.809,Parnaíba,Brazil,2.41S,40.98W
2001-09-01,28.156,Parnaíba,Brazil,2.41S,40.98W
2001-10-01,28.454,Parnaíba,Brazil,2.41S,40.98W
2001-11-01,29.124,Parnaíba,Brazil,2.41S,40.98W
2001-12-01,29.361,Parnaíba,Brazil,2.41S,40.98W
2002-01-01,27.64,Parnaíba,Brazil,2.41S,40.98W
2002-02-01,28.351999999999997,Parnaíba,Brazil,2.41S,40.98W
2002-03-01,28.116,Parnaíba,Brazil,2.41S,40.98W
2002-04-01,27.746,Parnaíba,Brazil,2.41S,40.98W
2002-05-01,28.462,Parnaíba,Brazil,2.41S,40.98W
2002-06-01,27.838,Parnaíba,Brazil,2.41S,40.98W
2002-07-01,27.854,Parnaíba,Brazil,2.41S,40.98W
2002-08-01,28.092,Parnaíba,Brazil,2.41S,40.98W
2002-09-01,28.237,Parnaíba,Brazil,2.41S,40.98W
2002-10-01,28.695,Parnaíba,Brazil,2.41S,40.98W
2002-11-01,29.057,Parnaíba,Brazil,2.41S,40.98W
2002-12-01,29.19,Parnaíba,Brazil,2.41S,40.98W
2003-01-01,28.612,Parnaíba,Brazil,2.41S,40.98W
2003-02-01,27.574,Parnaíba,Brazil,2.41S,40.98W
2003-03-01,27.624,Parnaíba,Brazil,2.41S,40.98W
2003-04-01,27.927,Parnaíba,Brazil,2.41S,40.98W
2003-05-01,28.421,Parnaíba,Brazil,2.41S,40.98W
2003-06-01,28.079,Parnaíba,Brazil,2.41S,40.98W
2003-07-01,27.829,Parnaíba,Brazil,2.41S,40.98W
2003-08-01,27.983,Parnaíba,Brazil,2.41S,40.98W
2003-09-01,28.421999999999997,Parnaíba,Brazil,2.41S,40.98W
2003-10-01,28.832,Parnaíba,Brazil,2.41S,40.98W
2003-11-01,29.206999999999997,Parnaíba,Brazil,2.41S,40.98W
2003-12-01,29.224,Parnaíba,Brazil,2.41S,40.98W
2004-01-01,27.879,Parnaíba,Brazil,2.41S,40.98W
2004-02-01,27.538,Parnaíba,Brazil,2.41S,40.98W
2004-03-01,28.191999999999997,Parnaíba,Brazil,2.41S,40.98W
2004-04-01,28.327,Parnaíba,Brazil,2.41S,40.98W
2004-05-01,28.591,Parnaíba,Brazil,2.41S,40.98W
2004-06-01,27.607,Parnaíba,Brazil,2.41S,40.98W
2004-07-01,27.454,Parnaíba,Brazil,2.41S,40.98W
2004-08-01,27.936,Parnaíba,Brazil,2.41S,40.98W
2004-09-01,28.401,Parnaíba,Brazil,2.41S,40.98W
2004-10-01,28.66,Parnaíba,Brazil,2.41S,40.98W
2004-11-01,29.115,Parnaíba,Brazil,2.41S,40.98W
2004-12-01,29.045,Parnaíba,Brazil,2.41S,40.98W
2005-01-01,29.025,Parnaíba,Brazil,2.41S,40.98W
2005-02-01,28.869,Parnaíba,Brazil,2.41S,40.98W
2005-03-01,28.555999999999997,Parnaíba,Brazil,2.41S,40.98W
2005-04-01,28.564,Parnaíba,Brazil,2.41S,40.98W
2005-05-01,28.252,Parnaíba,Brazil,2.41S,40.98W
2005-06-01,28.048,Parnaíba,Brazil,2.41S,40.98W
2005-07-01,27.75,Parnaíba,Brazil,2.41S,40.98W
2005-08-01,28.178,Parnaíba,Brazil,2.41S,40.98W
2005-09-01,28.245,Parnaíba,Brazil,2.41S,40.98W
2005-10-01,28.803,Parnaíba,Brazil,2.41S,40.98W
2005-11-01,29.647,Parnaíba,Brazil,2.41S,40.98W
2005-12-01,29.049,Parnaíba,Brazil,2.41S,40.98W
2006-01-01,28.561,Parnaíba,Brazil,2.41S,40.98W
2006-02-01,28.298,Parnaíba,Brazil,2.41S,40.98W
2006-03-01,28.342,Parnaíba,Brazil,2.41S,40.98W
2006-04-01,27.749,Parnaíba,Brazil,2.41S,40.98W
2006-05-01,27.932,Parnaíba,Brazil,2.41S,40.98W
2006-06-01,27.833,Parnaíba,Brazil,2.41S,40.98W
2006-07-01,27.86,Parnaíba,Brazil,2.41S,40.98W
2006-08-01,27.829,Parnaíba,Brazil,2.41S,40.98W
2006-09-01,28.372,Parnaíba,Brazil,2.41S,40.98W
2006-10-01,28.749,Parnaíba,Brazil,2.41S,40.98W
2006-11-01,29.063,Parnaíba,Brazil,2.41S,40.98W
2006-12-01,29.178,Parnaíba,Brazil,2.41S,40.98W
2007-01-01,29.294,Parnaíba,Brazil,2.41S,40.98W
2007-02-01,27.698,Parnaíba,Brazil,2.41S,40.98W
2007-03-01,27.821,Parnaíba,Brazil,2.41S,40.98W
2007-04-01,27.953000000000003,Parnaíba,Brazil,2.41S,40.98W
2007-05-01,28.357,Parnaíba,Brazil,2.41S,40.98W
2007-06-01,28.291,Parnaíba,Brazil,2.41S,40.98W
2007-07-01,28.06,Parnaíba,Brazil,2.41S,40.98W
2007-08-01,27.612,Parnaíba,Brazil,2.41S,40.98W
2007-09-01,28.156,Parnaíba,Brazil,2.41S,40.98W
2007-10-01,28.48,Parnaíba,Brazil,2.41S,40.98W
2007-11-01,29.084,Parnaíba,Brazil,2.41S,40.98W
2007-12-01,28.674,Parnaíba,Brazil,2.41S,40.98W
2008-01-01,27.913,Parnaíba,Brazil,2.41S,40.98W
2008-02-01,28.283,Parnaíba,Brazil,2.41S,40.98W
2008-03-01,27.252,Parnaíba,Brazil,2.41S,40.98W
2008-04-01,27.308000000000003,Parnaíba,Brazil,2.41S,40.98W
2008-05-01,27.732,Parnaíba,Brazil,2.41S,40.98W
2008-06-01,27.268,Parnaíba,Brazil,2.41S,40.98W
2008-07-01,27.653,Parnaíba,Brazil,2.41S,40.98W
2008-08-01,27.594,Parnaíba,Brazil,2.41S,40.98W
2008-09-01,28.392,Parnaíba,Brazil,2.41S,40.98W
2008-10-01,28.647,Parnaíba,Brazil,2.41S,40.98W
2008-11-01,29.21,Parnaíba,Brazil,2.41S,40.98W
2008-12-01,28.981,Parnaíba,Brazil,2.41S,40.98W
2009-01-01,28.288,Parnaíba,Brazil,2.41S,40.98W
2009-02-01,27.674,Parnaíba,Brazil,2.41S,40.98W
2009-03-01,27.676,Parnaíba,Brazil,2.41S,40.98W
2009-04-01,27.31,Parnaíba,Brazil,2.41S,40.98W
2009-05-01,27.433000000000003,Parnaíba,Brazil,2.41S,40.98W
2009-06-01,27.549,Parnaíba,Brazil,2.41S,40.98W
2009-07-01,27.221,Parnaíba,Brazil,2.41S,40.98W
2009-08-01,27.68,Parnaíba,Brazil,2.41S,40.98W
2009-09-01,28.051,Parnaíba,Brazil,2.41S,40.98W
2009-10-01,28.365,Parnaíba,Brazil,2.41S,40.98W
2009-11-01,29.185,Parnaíba,Brazil,2.41S,40.98W
2009-12-01,28.75500000000001,Parnaíba,Brazil,2.41S,40.98W
2010-01-01,28.401999999999997,Parnaíba,Brazil,2.41S,40.98W
2010-02-01,29.34,Parnaíba,Brazil,2.41S,40.98W
2010-03-01,29.347,Parnaíba,Brazil,2.41S,40.98W
2010-04-01,28.725,Parnaíba,Brazil,2.41S,40.98W
2010-05-01,29.01,Parnaíba,Brazil,2.41S,40.98W
2010-06-01,28.451,Parnaíba,Brazil,2.41S,40.98W
2010-07-01,28.179,Parnaíba,Brazil,2.41S,40.98W
2010-08-01,28.043000000000003,Parnaíba,Brazil,2.41S,40.98W
2010-09-01,28.139000000000006,Parnaíba,Brazil,2.41S,40.98W
2010-10-01,28.497,Parnaíba,Brazil,2.41S,40.98W
2010-11-01,29.149,Parnaíba,Brazil,2.41S,40.98W
2010-12-01,28.502,Parnaíba,Brazil,2.41S,40.98W
2011-01-01,27.376,Parnaíba,Brazil,2.41S,40.98W
2011-02-01,27.366,Parnaíba,Brazil,2.41S,40.98W
2011-03-01,27.771,Parnaíba,Brazil,2.41S,40.98W
2011-04-01,27.449,Parnaíba,Brazil,2.41S,40.98W
2011-05-01,28.0,Parnaíba,Brazil,2.41S,40.98W
2011-06-01,28.027,Parnaíba,Brazil,2.41S,40.98W
2011-07-01,27.73,Parnaíba,Brazil,2.41S,40.98W
2011-08-01,27.904,Parnaíba,Brazil,2.41S,40.98W
2011-09-01,28.203000000000007,Parnaíba,Brazil,2.41S,40.98W
2011-10-01,28.218000000000004,Parnaíba,Brazil,2.41S,40.98W
2011-11-01,28.654,Parnaíba,Brazil,2.41S,40.98W
2011-12-01,28.801,Parnaíba,Brazil,2.41S,40.98W
2012-01-01,28.345,Parnaíba,Brazil,2.41S,40.98W
2012-02-01,27.662,Parnaíba,Brazil,2.41S,40.98W
2012-03-01,28.015,Parnaíba,Brazil,2.41S,40.98W
2012-04-01,28.845,Parnaíba,Brazil,2.41S,40.98W
2012-05-01,29.15,Parnaíba,Brazil,2.41S,40.98W
2012-06-01,28.693,Parnaíba,Brazil,2.41S,40.98W
2012-07-01,28.248,Parnaíba,Brazil,2.41S,40.98W
2012-08-01,28.356,Parnaíba,Brazil,2.41S,40.98W
2012-09-01,28.495,Parnaíba,Brazil,2.41S,40.98W
2012-10-01,28.932,Parnaíba,Brazil,2.41S,40.98W
2012-11-01,29.545,Parnaíba,Brazil,2.41S,40.98W
2012-12-01,29.164,Parnaíba,Brazil,2.41S,40.98W
2013-01-01,28.821,Parnaíba,Brazil,2.41S,40.98W
2013-02-01,28.76,Parnaíba,Brazil,2.41S,40.98W
2013-03-01,29.103,Parnaíba,Brazil,2.41S,40.98W
2013-04-01,28.67,Parnaíba,Brazil,2.41S,40.98W
2013-05-01,28.564,Parnaíba,Brazil,2.41S,40.98W
2013-06-01,28.105,Parnaíba,Brazil,2.41S,40.98W
2013-07-01,27.751,Parnaíba,Brazil,2.41S,40.98W
2013-08-01,28.241,Parnaíba,Brazil,2.41S,40.98W
2013-09-01,,Parnaíba,Brazil,2.41S,40.98W
